time,current_plan_index,step_k,leg,x,y,hip_x,n_valid
13.3500,0,0,FL,0.25597,0.13151,0.18597,129
13.3500,0,1,BR,-0.13116,-0.15205,-0.20116,129
13.3500,0,2,FR,0.25564,-0.15249,0.18564,129
13.3500,0,3,BL,-0.13083,0.13195,-0.20083,129
13.3500,0,4,FL,0.25597,0.13151,0.18597,89
13.3500,0,5,BR,-0.13116,-0.15205,-0.20116,89
13.3500,0,6,FR,0.25564,-0.15249,0.18564,89
13.3500,0,7,BL,-0.13083,0.13195,-0.20083,89
13.3500,0,8,FL,0.25597,0.13151,0.18597,89
13.3500,0,9,BR,-0.13116,-0.15205,-0.20116,89
13.3500,0,10,FR,0.25564,-0.15249,0.18564,89
13.3500,0,11,BL,-0.13083,0.13195,-0.20083,89
13.3500,0,12,FL,0.25597,0.13151,0.18597,89
13.3500,0,13,BR,-0.13116,-0.15205,-0.20116,89
13.3500,0,14,FR,0.25564,-0.15249,0.18564,89
13.3500,0,15,BL,-0.13083,0.13195,-0.20083,89
13.3500,0,16,FL,0.25597,0.13151,0.18597,89
13.3500,0,17,BR,-0.13116,-0.15205,-0.20116,89
13.3500,0,18,FR,0.25564,-0.15249,0.18564,89
13.3500,0,19,BL,-0.13083,0.13195,-0.20083,89
13.3500,0,20,FL,0.25597,0.13151,0.18597,89
13.3500,0,21,BR,-0.13116,-0.15205,-0.20116,89
13.3500,0,22,FR,0.25564,-0.15249,0.18564,89
13.3500,0,23,BL,-0.13083,0.13195,-0.20083,89
13.3500,0,24,FL,0.25597,0.13151,0.18597,89
13.3500,0,25,BR,-0.13116,-0.15205,-0.20116,89
13.3500,0,26,FR,0.25564,-0.15249,0.18564,89
13.3500,0,27,BL,-0.13083,0.13195,-0.20083,89
13.3500,0,28,FL,0.25597,0.13151,0.18597,89
13.3500,0,29,BR,-0.13116,-0.15205,-0.20116,89
13.3500,0,30,FR,0.25564,-0.15249,0.18564,89
13.3500,0,31,BL,-0.13083,0.13195,-0.20083,89
14.3120,32,0,FL,0.25296,0.13151,0.18296,131
14.3120,32,1,BR,-0.13348,-0.15204,-0.20348,131
14.3120,32,2,FR,0.25401,-0.15249,0.18401,131
14.3120,32,3,BL,-0.13177,0.13196,-0.20177,131
14.3120,32,4,FL,0.25572,0.13151,0.18572,91
14.3120,32,5,BR,-0.13072,-0.15204,-0.20072,91
14.3120,32,6,FR,0.25677,-0.15249,0.18677,91
14.3120,32,7,BL,-0.12902,0.13196,-0.19902,91
14.3120,32,8,FL,0.25847,0.13151,0.18847,91
14.3120,32,9,BR,-0.12797,-0.15204,-0.19797,91
14.3120,32,10,FR,0.25952,-0.15249,0.18952,91
14.3120,32,11,BL,-0.12626,0.13196,-0.19626,91
14.3120,32,12,FL,0.26123,0.13151,0.19123,91
14.3120,32,13,BR,-0.12521,-0.15204,-0.19521,91
14.3120,32,14,FR,0.26228,-0.15249,0.19228,91
14.3120,32,15,BL,-0.12350,0.13196,-0.19350,91
14.3120,32,16,FL,0.26399,0.13151,0.19399,91
14.3120,32,17,BR,-0.12245,-0.15204,-0.19245,91
14.3120,32,18,FR,0.26504,-0.15249,0.19504,91
14.3120,32,19,BL,-0.12074,0.13196,-0.19074,91
14.3120,32,20,FL,0.26674,0.13151,0.19674,91
14.3120,32,21,BR,-0.11969,-0.15204,-0.18969,91
14.3120,32,22,FR,0.26779,-0.15249,0.19779,91
14.3120,32,23,BL,-0.11799,0.13196,-0.18799,91
14.3120,32,24,FL,0.26950,0.13151,0.19950,91
14.3120,32,25,BR,-0.11694,-0.15204,-0.18694,91
14.3120,32,26,FR,0.27055,-0.15249,0.20055,91
14.3120,32,27,BL,-0.11523,0.13196,-0.18523,91
14.3120,32,28,FL,0.27226,0.13151,0.20226,91
14.3120,32,29,BR,-0.11418,-0.15204,-0.18418,91
14.3120,32,30,FR,0.27331,-0.15249,0.20331,91
14.3120,32,31,BL,-0.11247,0.13196,-0.18247,91
15.2740,64,0,FL,0.25292,0.13151,0.18292,131
15.2740,64,1,BR,-0.13355,-0.15204,-0.20355,131
15.2740,64,2,FR,0.25391,-0.15249,0.18391,131
15.2740,64,3,BL,-0.13191,0.13196,-0.20191,131
15.2740,64,4,FL,0.25555,0.13151,0.18555,91
15.2740,64,5,BR,-0.13092,-0.15204,-0.20092,91
15.2740,64,6,FR,0.25654,-0.15249,0.18654,91
15.2740,64,7,BL,-0.12927,0.13196,-0.19927,91
15.2740,64,8,FL,0.25819,0.13151,0.18819,91
15.2740,64,9,BR,-0.12828,-0.15204,-0.19828,91
15.2740,64,10,FR,0.25918,-0.15249,0.18918,91
15.2740,64,11,BL,-0.12664,0.13196,-0.19664,91
15.2740,64,12,FL,0.26082,0.13151,0.19082,91
15.2740,64,13,BR,-0.12565,-0.15204,-0.19565,91
15.2740,64,14,FR,0.26181,-0.15249,0.19181,91
15.2740,64,15,BL,-0.12400,0.13196,-0.19400,91
15.2740,64,16,FL,0.26346,0.13151,0.19346,91
15.2740,64,17,BR,-0.12301,-0.15204,-0.19301,91
15.2740,64,18,FR,0.26444,-0.15249,0.19444,91
15.2740,64,19,BL,-0.12137,0.13196,-0.19137,91
15.2740,64,20,FL,0.26609,0.13151,0.19609,91
15.2740,64,21,BR,-0.12038,-0.15204,-0.19038,91
15.2740,64,22,FR,0.26708,-0.15249,0.19708,91
15.2740,64,23,BL,-0.11873,0.13196,-0.18873,91
15.2740,64,24,FL,0.26872,0.13151,0.19872,91
15.2740,64,25,BR,-0.11775,-0.15204,-0.18775,91
15.2740,64,26,FR,0.26971,-0.15249,0.19971,91
15.2740,64,27,BL,-0.11610,0.13196,-0.18610,91
15.2740,64,28,FL,0.27136,0.13151,0.20136,91
15.2740,64,29,BR,-0.11511,-0.15204,-0.18511,91
15.2740,64,30,FR,0.27235,-0.15249,0.20235,91
15.2740,64,31,BL,-0.11347,0.13196,-0.18347,91
16.2300,96,0,FL,0.25301,0.13151,0.18301,131
16.2300,96,1,BR,-0.13351,-0.15204,-0.20351,131
16.2300,96,2,FR,0.25389,-0.15249,0.18389,131
16.2300,96,3,BL,-0.13198,0.13196,-0.20198,131
16.2300,96,4,FL,0.25542,0.13151,0.18542,91
16.2300,96,5,BR,-0.13111,-0.15204,-0.20111,91
16.2300,96,6,FR,0.25630,-0.15249,0.18630,91
16.2300,96,7,BL,-0.12957,0.13196,-0.19957,91
16.2300,96,8,FL,0.25783,0.13151,0.18783,91
16.2300,96,9,BR,-0.12870,-0.15204,-0.19870,91
16.2300,96,10,FR,0.25870,-0.15249,0.18870,91
16.2300,96,11,BL,-0.12716,0.13196,-0.19716,91
16.2300,96,12,FL,0.26024,0.13151,0.19024,91
16.2300,96,13,BR,-0.12629,-0.15204,-0.19629,91
16.2300,96,14,FR,0.26111,-0.15249,0.19111,91
16.2300,96,15,BL,-0.12476,0.13196,-0.19476,91
16.2300,96,16,FL,0.26265,0.13151,0.19265,91
16.2300,96,17,BR,-0.12388,-0.15204,-0.19388,91
16.2300,96,18,FR,0.26352,-0.15249,0.19352,91
16.2300,96,19,BL,-0.12235,0.13196,-0.19235,91
16.2300,96,20,FL,0.26506,0.13151,0.19506,91
16.2300,96,21,BR,-0.12147,-0.15204,-0.19147,91
16.2300,96,22,FR,0.26593,-0.15249,0.19593,91
16.2300,96,23,BL,-0.11994,0.13196,-0.18994,91
16.2300,96,24,FL,0.26746,0.13151,0.19746,91
16.2300,96,25,BR,-0.11906,-0.15204,-0.18906,91
16.2300,96,26,FR,0.26834,-0.15249,0.19834,91
16.2300,96,27,BL,-0.11753,0.13196,-0.18753,91
16.2300,96,28,FL,0.26987,0.13151,0.19987,91
16.2300,96,29,BR,-0.11665,-0.15204,-0.18665,91
16.2300,96,30,FR,0.27075,-0.15249,0.20075,91
16.2300,96,31,BL,-0.11512,0.13196,-0.18512,91
17.1940,128,0,FL,0.25308,0.13151,0.18308,131
17.1940,128,1,BR,-0.13349,-0.15204,-0.20349,131
17.1940,128,2,FR,0.25387,-0.15249,0.18387,131
17.1940,128,3,BL,-0.13204,0.13196,-0.20204,131
17.1940,128,4,FL,0.25531,0.13151,0.18531,91
17.1940,128,5,BR,-0.13126,-0.15204,-0.20126,91
17.1940,128,6,FR,0.25610,-0.15249,0.18610,91
17.1940,128,7,BL,-0.12981,0.13196,-0.19981,91
17.1940,128,8,FL,0.25754,0.13151,0.18754,91
17.1940,128,9,BR,-0.12903,-0.15204,-0.19903,91
17.1940,128,10,FR,0.25833,-0.15249,0.18833,91
17.1940,128,11,BL,-0.12759,0.13196,-0.19759,91
17.1940,128,12,FL,0.25977,0.13151,0.18977,91
17.1940,128,13,BR,-0.12680,-0.15204,-0.19680,91
17.1940,128,14,FR,0.26056,-0.15249,0.19056,91
17.1940,128,15,BL,-0.12536,0.13196,-0.19536,91
17.1940,128,16,FL,0.26200,0.13151,0.19200,91
17.1940,128,17,BR,-0.12457,-0.15204,-0.19457,91
17.1940,128,18,FR,0.26279,-0.15249,0.19279,91
17.1940,128,19,BL,-0.12313,0.13196,-0.19313,91
17.1940,128,20,FL,0.26423,0.13151,0.19423,91
17.1940,128,21,BR,-0.12234,-0.15204,-0.19234,91
17.1940,128,22,FR,0.26502,-0.15249,0.19502,91
17.1940,128,23,BL,-0.12090,0.13196,-0.19090,91
17.1940,128,24,FL,0.26646,0.13151,0.19646,91
17.1940,128,25,BR,-0.12011,-0.15204,-0.19011,91
17.1940,128,26,FR,0.26724,-0.15249,0.19724,91
17.1940,128,27,BL,-0.11867,0.13196,-0.18867,91
17.1940,128,28,FL,0.26869,0.13151,0.19869,91
17.1940,128,29,BR,-0.11788,-0.15204,-0.18788,91
17.1940,128,30,FR,0.26947,-0.15249,0.19947,91
17.1940,128,31,BL,-0.11644,0.13196,-0.18644,91
18.2260,162,0,FL,0.25309,0.13151,0.18309,131
18.2260,162,1,BR,-0.13350,-0.15204,-0.20350,131
18.2260,162,2,FR,0.25383,-0.15249,0.18383,131
18.2260,162,3,BL,-0.13211,0.13196,-0.20211,131
18.2260,162,4,FL,0.25522,0.13151,0.18522,91
18.2260,162,5,BR,-0.13137,-0.15204,-0.20137,91
18.2260,162,6,FR,0.25596,-0.15249,0.18596,91
18.2260,162,7,BL,-0.12998,0.13196,-0.19998,91
18.2260,162,8,FL,0.25735,0.13151,0.18735,91
18.2260,162,9,BR,-0.12924,-0.15204,-0.19924,91
18.2260,162,10,FR,0.25809,-0.15249,0.18809,91
18.2260,162,11,BL,-0.12785,0.13196,-0.19785,91
18.2260,162,12,FL,0.25948,0.13151,0.18948,91
18.2260,162,13,BR,-0.12712,-0.15204,-0.19712,91
18.2260,162,14,FR,0.26022,-0.15249,0.19022,91
18.2260,162,15,BL,-0.12572,0.13196,-0.19572,91
18.2260,162,16,FL,0.26161,0.13151,0.19161,91
18.2260,162,17,BR,-0.12499,-0.15204,-0.19499,91
18.2260,162,18,FR,0.26235,-0.15249,0.19235,91
18.2260,162,19,BL,-0.12359,0.13196,-0.19359,91
18.2260,162,20,FL,0.26374,0.13151,0.19374,91
18.2260,162,21,BR,-0.12286,-0.15204,-0.19286,91
18.2260,162,22,FR,0.26447,-0.15249,0.19447,91
18.2260,162,23,BL,-0.12146,0.13196,-0.19146,91
18.2260,162,24,FL,0.26587,0.13151,0.19587,91
18.2260,162,25,BR,-0.12073,-0.15204,-0.19073,91
18.2260,162,26,FR,0.26660,-0.15249,0.19660,91
18.2260,162,27,BL,-0.11934,0.13196,-0.18934,91
18.2260,162,28,FL,0.26800,0.13151,0.19800,91
18.2260,162,29,BR,-0.11860,-0.15204,-0.18860,91
18.2260,162,30,FR,0.26873,-0.15249,0.19873,91
18.2260,162,31,BL,-0.11721,0.13196,-0.18721,91
19.3920,201,0,FL,0.28800,0.12997,0.21800,131
19.3920,201,1,BR,-0.06004,-0.15407,-0.13004,131
19.3920,201,2,FR,0.36549,-0.15403,0.29549,131
19.3920,201,3,BL,0.01740,0.12993,-0.05260,131
19.3920,201,4,FL,0.44293,0.12997,0.37293,123
19.3920,201,5,BR,0.09489,-0.15407,0.02489,123
19.3920,201,6,FR,0.52042,-0.15403,0.45042,123
19.3920,201,7,BL,0.17233,0.12993,0.10233,123
19.3920,201,8,FL,0.59786,0.12997,0.52786,123
19.3920,201,9,BR,0.24981,-0.15407,0.17981,123
19.3920,201,10,FR,0.67535,-0.15403,0.60535,123
19.3920,201,11,BL,0.32725,0.12993,0.25725,123
19.3920,201,12,FL,0.75278,0.12997,0.68278,123
19.3920,201,13,BR,0.40474,-0.15407,0.33474,123
19.3920,201,14,FR,0.83027,-0.15403,0.76027,123
19.3920,201,15,BL,0.48218,0.12993,0.41218,123
19.3920,201,16,FL,0.90771,0.12997,0.83771,123
19.3920,201,17,BR,0.55967,-0.15407,0.48967,123
19.3920,201,18,FR,0.98520,-0.15403,0.91520,123
19.3920,201,19,BL,0.63711,0.12993,0.56711,123
19.3920,201,20,FL,1.06264,0.12997,0.99264,123
19.3920,201,21,BR,0.71460,-0.15407,0.64460,123
19.3920,201,22,FR,1.14013,-0.15403,1.07013,123
19.3920,201,23,BL,0.79204,0.12993,0.72204,123
19.3920,201,24,FL,1.21757,0.12997,1.14757,123
19.3920,201,25,BR,0.86952,-0.15407,0.79952,123
19.3920,201,26,FR,1.29506,-0.15403,1.22506,123
19.3920,201,27,BL,0.94696,0.12993,0.87696,123
19.3920,201,28,FL,1.37249,0.12997,1.30249,123
19.3920,201,29,BR,1.02445,-0.15407,0.95445,123
19.3920,201,30,FR,1.44998,-0.15403,1.37998,123
19.3920,201,31,BL,1.10189,0.12993,1.03189,123
20.5180,238,0,FL,0.56896,0.13230,0.49896,131
20.5180,238,1,BR,0.24891,-0.15341,0.17891,131
20.5180,238,2,FR,0.70119,-0.15169,0.63119,131
20.5180,238,3,BL,0.37862,0.13058,0.30862,131
20.5180,238,4,FL,0.83090,0.13230,0.76090,117
20.5180,238,5,BR,0.51085,-0.15341,0.44085,117
20.5180,238,6,FR,0.96313,-0.15169,0.89313,117
20.5180,238,7,BL,0.64055,0.13058,0.57055,117
20.5180,238,8,FL,1.09283,0.13230,1.02283,117
20.5180,238,9,BR,0.77278,-0.15341,0.70278,117
20.5180,238,10,FR,1.22506,-0.15169,1.15506,117
20.5180,238,11,BL,0.90248,0.13058,0.83248,117
20.5180,238,12,FL,1.35476,0.13230,1.28476,117
20.5180,238,13,BR,1.03471,-0.15341,0.96471,117
20.5180,238,14,FR,1.48699,-0.15169,1.41699,117
20.5180,238,15,BL,1.16442,0.13058,1.09442,117
20.5180,238,16,FL,1.61670,0.13230,1.54670,117
20.5180,238,17,BR,1.29665,-0.15341,1.22665,117
20.5180,238,18,FR,1.74893,-0.15169,1.67893,117
20.5180,238,19,BL,1.42635,0.13058,1.35635,117
20.5180,238,20,FL,1.87863,0.13230,1.80863,95
20.5180,238,21,BR,1.55858,-0.15341,1.48858,117
20.5180,238,22,FR,2.06086,-0.15169,1.94086,73
20.5180,238,23,BL,1.68828,0.13058,1.61828,117
20.5180,238,24,FL,2.09056,0.13230,2.07056,51
20.5180,238,25,BR,1.82051,-0.15341,1.75051,106
20.5180,238,26,FR,2.37279,-0.15169,2.20279,30
20.5180,238,27,BL,1.90022,0.13058,1.88022,84
20.5180,238,28,FL,2.35250,0.13230,2.33250,19
20.5180,238,29,BR,2.08245,-0.15341,2.01245,62
20.5180,238,30,FR,2.38473,-0.15169,2.46473,22
20.5180,238,31,BL,2.06215,0.13058,2.14215,29
21.6060,275,0,FL,0.89433,0.14533,0.82433,131
21.6060,275,1,BR,0.57034,-0.13470,0.50034,131
21.6060,275,2,FR,1.02281,-0.13866,0.95281,131
21.6060,275,3,BL,0.70462,0.14928,0.63462,131
21.6060,275,4,FL,1.15709,0.14533,1.08709,117
21.6060,275,5,BR,0.83310,-0.13470,0.76310,117
21.6060,275,6,FR,1.28557,-0.13866,1.21557,117
21.6060,275,7,BL,0.96738,0.14928,0.89738,117
21.6060,275,8,FL,1.41986,0.14533,1.34986,117
21.6060,275,9,BR,1.09586,-0.13470,1.02586,117
21.6060,275,10,FR,1.54833,-0.13866,1.47833,117
21.6060,275,11,BL,1.23015,0.14928,1.16015,117
21.6060,275,12,FL,1.68262,0.14533,1.61262,117
21.6060,275,13,BR,1.35862,-0.13470,1.28862,117
21.6060,275,14,FR,1.81109,-0.13866,1.74109,106
21.6060,275,15,BL,1.49291,0.14928,1.42291,117
21.6060,275,16,FL,1.94538,0.14533,1.87538,95
21.6060,275,17,BR,1.62139,-0.13470,1.55139,117
21.6060,275,18,FR,2.07386,-0.13866,2.00386,62
21.6060,275,19,BL,1.75567,0.14928,1.68567,117
21.6060,275,20,FL,2.05814,0.14533,2.13814,40
21.6060,275,21,BR,1.88415,-0.13470,1.81415,95
21.6060,275,22,FR,2.38662,-0.13866,2.26662,22
21.6060,275,23,BL,2.06844,0.14928,1.94844,73
21.6060,275,24,FL,2.37091,0.14533,2.40091,11
21.6060,275,25,BR,2.09691,-0.13470,2.07691,51
21.6060,275,26,FR,2.69938,-0.13866,2.52938,22
21.6060,275,27,BL,2.38120,0.14928,2.21120,30
21.6060,275,28,FL,2.68367,0.14533,2.66367,19
21.6060,275,29,BR,2.35968,-0.13470,2.33968,19
21.6060,275,30,FR,2.96215,-0.13866,2.79215,47
21.6060,275,31,BL,2.39396,0.14928,2.47396,22
22.6740,310,0,FL,1.18676,0.15337,1.11676,131
22.6740,310,1,BR,0.86335,-0.12654,0.79335,131
22.6740,310,2,FR,1.31649,-0.13061,1.24649,131
22.6740,310,3,BL,0.99907,0.15745,0.92907,131
22.6740,310,4,FL,1.45221,0.15337,1.38221,117
22.6740,310,5,BR,1.12881,-0.12654,1.05881,117
22.6740,310,6,FR,1.58195,-0.13061,1.51195,117
22.6740,310,7,BL,1.26453,0.15745,1.19453,117
22.6740,310,8,FL,1.71767,0.15337,1.64767,117
22.6740,310,9,BR,1.39426,-0.12654,1.32426,117
22.6740,310,10,FR,1.84740,-0.13061,1.77740,106
22.6740,310,11,BL,1.52998,0.15745,1.45998,117
22.6740,310,12,FL,1.93312,0.15337,1.91312,84
22.6740,310,13,BR,1.65971,-0.12654,1.58971,117
22.6740,310,14,FR,2.06286,-0.13061,2.04286,51
22.6740,310,15,BL,1.79543,0.15745,1.72543,117
22.6740,310,16,FL,2.09858,0.15337,2.17858,29
22.6740,310,17,BR,1.92517,-0.12654,1.85517,95
22.6740,310,18,FR,2.37831,-0.13061,2.30831,21
22.6740,310,19,BL,2.06089,0.15745,1.99089,62
22.6740,310,20,FL,2.36403,0.15337,2.44403,11
22.6740,310,21,BR,2.09062,-0.12654,2.12062,40
22.6740,310,22,FR,2.69376,-0.13061,2.57376,22
22.6740,310,23,BL,2.37634,0.15745,2.25634,22
22.6740,310,24,FL,2.67948,0.15337,2.70948,11
22.6740,310,25,BR,2.35607,-0.12654,2.38607,11
22.6740,310,26,FR,2.95922,-0.13061,2.83922,53
22.6740,310,27,BL,2.69180,0.15745,2.52180,22
22.6740,310,28,FL,3.04494,0.15337,2.97494,41
22.6740,310,29,BR,2.67153,-0.12654,2.65153,19
22.6740,310,30,FR,3.17467,-0.13061,3.10467,97
22.6740,310,31,BL,2.95725,0.15745,2.78725,47
23.7720,347,0,FL,1.51495,0.14054,1.44495,131
23.7720,347,1,BR,1.19444,-0.14289,1.12444,131
23.7720,347,2,FR,1.64794,-0.14346,1.57794,131
23.7720,347,3,BL,1.32826,0.14111,1.25826,131
23.7720,347,4,FL,1.78177,0.14054,1.71177,117
23.7720,347,5,BR,1.46126,-0.14289,1.39126,117
23.7720,347,6,FR,1.91476,-0.14346,1.84476,95
23.7720,347,7,BL,1.59508,0.14111,1.52508,117
23.7720,347,8,FL,2.09858,0.14054,1.97858,73
23.7720,347,9,BR,1.72807,-0.14289,1.65807,117
23.7720,347,10,FR,2.08158,-0.14346,2.11158,40
23.7720,347,11,BL,1.86190,0.14111,1.79190,95
23.7720,347,12,FL,2.36540,0.14054,2.24540,22
23.7720,347,13,BR,1.94489,-0.14289,1.92489,84
23.7720,347,14,FR,2.39840,-0.14346,2.37840,19
23.7720,347,15,BL,2.07871,0.14111,2.05871,51
23.7720,347,16,FL,2.68222,0.14054,2.51222,22
23.7720,347,17,BR,2.36171,-0.14289,2.19171,30
23.7720,347,18,FR,2.66521,-0.14346,2.64521,19
23.7720,347,19,BL,2.39553,0.14111,2.32553,21
23.7720,347,20,FL,2.69903,0.14054,2.77903,36
23.7720,347,21,BR,2.37853,-0.14289,2.45853,22
23.7720,347,22,FR,2.98203,-0.14346,2.91203,43
23.7720,347,23,BL,2.66235,0.14111,2.59235,21
23.7720,347,24,FL,3.11585,0.14054,3.04585,44
23.7720,347,25,BR,2.69534,-0.14289,2.72534,11
23.7720,347,26,FR,3.24885,-0.14346,3.17885,99
23.7720,347,27,BL,2.97916,0.14111,2.85916,44
23.7720,347,28,FL,3.38267,0.14054,3.31267,117
23.7720,347,29,BR,3.06216,-0.14289,2.99216,44
23.7720,347,30,FR,3.51566,-0.14346,3.44566,117
23.7720,347,31,BL,3.19598,0.14111,3.12598,97
24.8780,384,0,FL,1.82045,0.12582,1.75045,111
24.8780,384,1,BR,1.49986,-0.15896,1.42986,131
24.8780,384,2,FR,1.90230,-0.15818,1.88230,84
24.8780,384,3,BL,1.63058,0.12504,1.56058,131
24.8780,384,4,FL,2.08302,0.12582,2.01302,62
24.8780,384,5,BR,1.76244,-0.15896,1.69244,117
24.8780,384,6,FR,2.06488,-0.15818,2.14488,29
24.8780,384,7,BL,1.89315,0.12504,1.82315,95
24.8780,384,8,FL,2.39560,0.12582,2.27560,22
24.8780,384,9,BR,2.07501,-0.15896,1.95501,73
24.8780,384,10,FR,2.37745,-0.15818,2.40745,11
24.8780,384,11,BL,2.05573,0.12504,2.08573,40
24.8780,384,12,FL,2.65817,0.12582,2.53817,22
24.8780,384,13,BR,2.38759,-0.15896,2.21759,30
24.8780,384,14,FR,2.69003,-0.15818,2.67003,19
24.8780,384,15,BL,2.36830,0.12504,2.34830,19
24.8780,384,16,FL,2.97075,0.12582,2.80075,42
24.8780,384,17,BR,2.65016,-0.15896,2.48016,22
24.8780,384,18,FR,3.00260,-0.15818,2.93260,52
24.8780,384,19,BL,2.68088,0.12504,2.61088,21
24.8780,384,20,FL,3.13332,0.12582,3.06332,91
24.8780,384,21,BR,2.66273,-0.15896,2.74273,36
24.8780,384,22,FR,3.26518,-0.15818,3.19518,109
24.8780,384,23,BL,2.99345,0.12504,2.87345,44
24.8780,384,24,FL,3.39590,0.12582,3.32590,117
24.8780,384,25,BR,3.07531,-0.15896,3.00531,33
24.8780,384,26,FR,3.52775,-0.15818,3.45775,117
24.8780,384,27,BL,3.20603,0.12504,3.13603,108
24.8780,384,28,FL,3.65847,0.12582,3.58847,117
24.8780,384,29,BR,3.33788,-0.15896,3.26788,117
24.8780,384,30,FR,3.79033,-0.15818,3.72033,117
24.8780,384,31,BL,3.46860,0.12504,3.39860,117
25.9500,420,0,FL,2.07835,0.12801,2.05835,56
25.9500,420,1,BR,1.80695,-0.15595,1.73695,111
25.9500,420,2,FR,2.35919,-0.15599,2.18919,30
25.9500,420,3,BL,1.93785,0.12805,1.86785,95
25.9500,420,4,FL,2.39009,0.12801,2.32009,21
25.9500,420,5,BR,2.06869,-0.15595,1.99869,62
25.9500,420,6,FR,2.37093,-0.15599,2.45093,22
25.9500,420,7,BL,2.09959,0.12805,2.12959,40
25.9500,420,8,FL,2.65182,0.12801,2.58182,21
25.9500,420,9,BR,2.38043,-0.15595,2.26043,22
25.9500,420,10,FR,2.68266,-0.15599,2.71266,11
25.9500,420,11,BL,2.36133,0.12805,2.39133,11
25.9500,420,12,FL,2.96356,0.12801,2.84356,44
25.9500,420,13,BR,2.69217,-0.15595,2.52217,22
25.9500,420,14,FR,3.04440,-0.15599,2.97440,41
25.9500,420,15,BL,2.67307,0.12805,2.65307,19
25.9500,420,16,FL,3.17530,0.12801,3.10530,97
25.9500,420,17,BR,2.95391,-0.15595,2.78391,47
25.9500,420,18,FR,3.30614,-0.15599,3.23614,117
25.9500,420,19,BL,2.98481,0.12805,2.91481,43
25.9500,420,20,FL,3.43704,0.12801,3.36704,117
25.9500,420,21,BR,3.11565,-0.15595,3.04565,91
25.9500,420,22,FR,3.56788,-0.15599,3.49788,117
25.9500,420,23,BL,3.24654,0.12805,3.17654,99
25.9500,420,24,FL,3.69878,0.12801,3.62878,117
25.9500,420,25,BR,3.37738,-0.15595,3.30738,117
25.9500,420,26,FR,3.82962,-0.15599,3.75962,117
25.9500,420,27,BL,3.50828,0.12805,3.43828,117
25.9500,420,28,FL,3.96052,0.12801,3.89052,117
25.9500,420,29,BR,3.63912,-0.15595,3.56912,117
25.9500,420,30,FR,4.09136,-0.15599,4.02136,117
25.9500,420,31,BL,3.77002,0.12805,3.70002,117
27.1200,459,0,FL,2.37517,0.14972,2.40517,20
27.1200,459,1,BR,2.09921,-0.12719,2.07921,56
27.1200,459,2,FR,2.65189,-0.13423,2.53189,22
27.1200,459,3,BL,2.38628,0.15676,2.21628,30
27.1200,459,4,FL,2.68896,0.14972,2.66896,19
27.1200,459,5,BR,2.36301,-0.12719,2.34301,19
27.1200,459,6,FR,2.96569,-0.13423,2.79569,42
27.1200,459,7,BL,2.65007,0.15676,2.48007,22
27.1200,459,8,FL,3.00276,0.14972,2.93276,52
27.1200,459,9,BR,2.67680,-0.12719,2.60680,21
27.1200,459,10,FR,3.12949,-0.13423,3.05949,91
27.1200,459,11,BL,2.66387,0.15676,2.74387,36
27.1200,459,12,FL,3.26656,0.14972,3.19656,109
27.1200,459,13,BR,2.99060,-0.12719,2.87060,44
27.1200,459,14,FR,3.39328,-0.13423,3.32328,117
27.1200,459,15,BL,3.07767,0.15676,3.00767,33
27.1200,459,16,FL,3.53035,0.14972,3.46035,117
27.1200,459,17,BR,3.20440,-0.12719,3.13440,108
27.1200,459,18,FR,3.65708,-0.13423,3.58708,117
27.1200,459,19,BL,3.34146,0.15676,3.27146,117
27.1200,459,20,FL,3.79415,0.14972,3.72415,117
27.1200,459,21,BR,3.46819,-0.12719,3.39819,117
27.1200,459,22,FR,3.92088,-0.13423,3.85088,117
27.1200,459,23,BL,3.60526,0.15676,3.53526,117
27.1200,459,24,FL,4.05795,0.14972,3.98795,117
27.1200,459,25,BR,3.73199,-0.12719,3.66199,117
27.1200,459,26,FR,4.18467,-0.13423,4.11467,117
27.1200,459,27,BL,3.86906,0.15676,3.79906,117
27.1200,459,28,FL,4.32174,0.14972,4.25174,117
27.1200,459,29,BR,3.99578,-0.12719,3.92578,117
27.1200,459,30,FR,4.44847,-0.13423,4.37847,117
27.1200,459,31,BL,4.13285,0.15676,4.06285,117
28.2020,495,0,FL,2.67815,0.14468,2.70815,25
28.2020,495,1,BR,2.35333,-0.13490,2.38333,20
28.2020,495,2,FR,2.95528,-0.13930,2.83528,58
28.2020,495,3,BL,2.68692,0.14908,2.51692,22
28.2020,495,4,FL,3.03888,0.14468,2.96888,41
28.2020,495,5,BR,2.66405,-0.13490,2.64405,19
28.2020,495,6,FR,3.16601,-0.13930,3.09601,97
28.2020,495,7,BL,2.69765,0.14908,2.77765,36
28.2020,495,8,FL,3.29961,0.14468,3.22961,109
28.2020,495,9,BR,2.97478,-0.13490,2.90478,43
28.2020,495,10,FR,3.42674,-0.13930,3.35674,117
28.2020,495,11,BL,3.10838,0.14908,3.03838,44
28.2020,495,12,FL,3.56033,0.14468,3.49033,117
28.2020,495,13,BR,3.23551,-0.13490,3.16551,99
28.2020,495,14,FR,3.68746,-0.13930,3.61746,117
28.2020,495,15,BL,3.36910,0.14908,3.29910,117
28.2020,495,16,FL,3.82106,0.14468,3.75106,117
28.2020,495,17,BR,3.49623,-0.13490,3.42623,117
28.2020,495,18,FR,3.94819,-0.13930,3.87819,117
28.2020,495,19,BL,3.62983,0.14908,3.55983,117
28.2020,495,20,FL,4.08179,0.14468,4.01179,117
28.2020,495,21,BR,3.75696,-0.13490,3.68696,117
28.2020,495,22,FR,4.20892,-0.13930,4.13892,117
28.2020,495,23,BL,3.89056,0.14908,3.82056,117
28.2020,495,24,FL,4.34251,0.14468,4.27251,117
28.2020,495,25,BR,4.01769,-0.13490,3.94769,117
28.2020,495,26,FR,4.46964,-0.13930,4.39964,117
28.2020,495,27,BL,4.15128,0.14908,4.08128,117
28.2020,495,28,FL,4.60324,0.14468,4.53324,117
28.2020,495,29,BR,4.27841,-0.13490,4.20841,117
28.2020,495,30,FR,4.73037,-0.13930,4.66037,117
28.2020,495,31,BL,4.41201,0.14908,4.34201,117
29.3180,532,0,FL,3.10904,0.12583,3.03904,91
29.3180,532,1,BR,2.68710,-0.15700,2.71710,25
29.3180,532,2,FR,3.23961,-0.15817,3.16961,113
29.3180,532,3,BL,2.96938,0.12699,2.84938,58
29.3180,532,4,FL,3.37189,0.12583,3.30189,117
29.3180,532,5,BR,3.04995,-0.15700,2.97995,41
29.3180,532,6,FR,3.50246,-0.15817,3.43246,117
29.3180,532,7,BL,3.18223,0.12699,3.11223,97
29.3180,532,8,FL,3.63474,0.12583,3.56474,117
29.3180,532,9,BR,3.31280,-0.15700,3.24280,117
29.3180,532,10,FR,3.76531,-0.15817,3.69531,117
29.3180,532,11,BL,3.44508,0.12699,3.37508,117
29.3180,532,12,FL,3.89759,0.12583,3.82759,117
29.3180,532,13,BR,3.57564,-0.15700,3.50564,117
29.3180,532,14,FR,4.02815,-0.15817,3.95815,117
29.3180,532,15,BL,3.70793,0.12699,3.63793,117
29.3180,532,16,FL,4.16044,0.12583,4.09044,117
29.3180,532,17,BR,3.83849,-0.15700,3.76849,117
29.3180,532,18,FR,4.29100,-0.15817,4.22100,117
29.3180,532,19,BL,3.97078,0.12699,3.90078,117
29.3180,532,20,FL,4.42329,0.12583,4.35329,117
29.3180,532,21,BR,4.10134,-0.15700,4.03134,117
29.3180,532,22,FR,4.55385,-0.15817,4.48385,117
29.3180,532,23,BL,4.23362,0.12699,4.16362,117
29.3180,532,24,FL,4.68614,0.12583,4.61614,117
29.3180,532,25,BR,4.36419,-0.15700,4.29419,117
29.3180,532,26,FR,4.81670,-0.15817,4.74670,117
29.3180,532,27,BL,4.49647,0.12699,4.42647,117
29.3180,532,28,FL,4.94898,0.12583,4.87898,117
29.3180,532,29,BR,4.62704,-0.15700,4.55704,117
29.3180,532,30,FR,5.07955,-0.15817,5.00955,117
29.3180,532,31,BL,4.75932,0.12699,4.68932,117
30.3880,567,0,FL,3.39503,0.11898,3.32503,131
30.3880,567,1,BR,3.07388,-0.16465,3.00388,80
30.3880,567,2,FR,3.52660,-0.16502,3.45660,131
30.3880,567,3,BL,3.20599,0.11935,3.13599,113
30.3880,567,4,FL,3.65872,0.11898,3.58872,117
30.3880,567,5,BR,3.33757,-0.16465,3.26757,117
30.3880,567,6,FR,3.79029,-0.16502,3.72029,117
30.3880,567,7,BL,3.46968,0.11935,3.39968,117
30.3880,567,8,FL,3.92240,0.11898,3.85240,117
30.3880,567,9,BR,3.60126,-0.16465,3.53126,117
30.3880,567,10,FR,4.05398,-0.16502,3.98398,117
30.3880,567,11,BL,3.73337,0.11935,3.66337,117
30.3880,567,12,FL,4.18609,0.11898,4.11609,117
30.3880,567,13,BR,3.86495,-0.16465,3.79495,117
30.3880,567,14,FR,4.31767,-0.16502,4.24767,117
30.3880,567,15,BL,3.99706,0.11935,3.92706,117
30.3880,567,16,FL,4.44978,0.11898,4.37978,117
30.3880,567,17,BR,4.12864,-0.16465,4.05864,117
30.3880,567,18,FR,4.58136,-0.16502,4.51136,117
30.3880,567,19,BL,4.26075,0.11935,4.19075,117
30.3880,567,20,FL,4.71347,0.11898,4.64347,117
30.3880,567,21,BR,4.39233,-0.16465,4.32233,117
30.3880,567,22,FR,4.84505,-0.16502,4.77505,117
30.3880,567,23,BL,4.52444,0.11935,4.45444,117
30.3880,567,24,FL,4.97716,0.11898,4.90716,117
30.3880,567,25,BR,4.65602,-0.16465,4.58602,117
30.3880,567,26,FR,5.10874,-0.16502,5.03874,117
30.3880,567,27,BL,4.78813,0.11935,4.71813,117
30.3880,567,28,FL,5.24085,0.11898,5.17085,117
30.3880,567,29,BR,4.91971,-0.16465,4.84971,117
30.3880,567,30,FR,5.37243,-0.16502,5.30243,117
30.3880,567,31,BL,5.05182,0.11935,4.98182,117
31.5140,605,0,FL,3.73830,0.13320,3.66830,131
31.5140,605,1,BR,3.41383,-0.14440,3.34383,131
31.5140,605,2,FR,3.86753,-0.15076,3.79753,131
31.5140,605,3,BL,3.55241,0.13956,3.48241,131
31.5140,605,4,FL,4.00611,0.13320,3.93611,117
31.5140,605,5,BR,3.68164,-0.14440,3.61164,117
31.5140,605,6,FR,4.13534,-0.15076,4.06534,117
31.5140,605,7,BL,3.82022,0.13956,3.75022,117
31.5140,605,8,FL,4.27392,0.13320,4.20392,117
31.5140,605,9,BR,3.94945,-0.14440,3.87945,117
31.5140,605,10,FR,4.40315,-0.15076,4.33315,117
31.5140,605,11,BL,4.08803,0.13956,4.01803,117
31.5140,605,12,FL,4.54173,0.13320,4.47173,117
31.5140,605,13,BR,4.21726,-0.14440,4.14726,117
31.5140,605,14,FR,4.67096,-0.15076,4.60096,117
31.5140,605,15,BL,4.35584,0.13956,4.28584,117
31.5140,605,16,FL,4.80954,0.13320,4.73954,117
31.5140,605,17,BR,4.48507,-0.14440,4.41507,117
31.5140,605,18,FR,4.93877,-0.15076,4.86877,117
31.5140,605,19,BL,4.62365,0.13956,4.55365,117
31.5140,605,20,FL,5.07735,0.13320,5.00735,117
31.5140,605,21,BR,4.75288,-0.14440,4.68288,117
31.5140,605,22,FR,5.20658,-0.15076,5.13658,117
31.5140,605,23,BL,4.89146,0.13956,4.82146,117
31.5140,605,24,FL,5.34516,0.13320,5.27516,117
31.5140,605,25,BR,5.02069,-0.14440,4.95069,117
31.5140,605,26,FR,5.47439,-0.15076,5.40439,117
31.5140,605,27,BL,5.15927,0.13956,5.08927,117
31.5140,605,28,FL,5.61297,0.13320,5.54297,117
31.5140,605,29,BR,5.28849,-0.14440,5.21849,117
31.5140,605,30,FR,5.74219,-0.15076,5.67219,117
31.5140,605,31,BL,5.42708,0.13956,5.35708,117
32.5760,640,0,FL,4.02734,0.13827,3.95734,131
32.5760,640,1,BR,3.70199,-0.13918,3.63199,131
32.5760,640,2,FR,4.15492,-0.14569,4.08492,131
32.5760,640,3,BL,3.83914,0.14478,3.76914,131
32.5760,640,4,FL,4.29207,0.13827,4.22207,117
32.5760,640,5,BR,3.96673,-0.13918,3.89673,117
32.5760,640,6,FR,4.41966,-0.14569,4.34966,117
32.5760,640,7,BL,4.10388,0.14478,4.03388,117
32.5760,640,8,FL,4.55680,0.13827,4.48680,117
32.5760,640,9,BR,4.23146,-0.13918,4.16146,117
32.5760,640,10,FR,4.68439,-0.14569,4.61439,117
32.5760,640,11,BL,4.36861,0.14478,4.29861,117
32.5760,640,12,FL,4.82154,0.13827,4.75154,117
32.5760,640,13,BR,4.49619,-0.13918,4.42619,117
32.5760,640,14,FR,4.94912,-0.14569,4.87912,117
32.5760,640,15,BL,4.63334,0.14478,4.56334,117
32.5760,640,16,FL,5.08627,0.13827,5.01627,117
32.5760,640,17,BR,4.76093,-0.13918,4.69093,117
32.5760,640,18,FR,5.21386,-0.14569,5.14386,117
32.5760,640,19,BL,4.89808,0.14478,4.82808,117
32.5760,640,20,FL,5.35100,0.13827,5.28100,117
32.5760,640,21,BR,5.02566,-0.13918,4.95566,117
32.5760,640,22,FR,5.47859,-0.14569,5.40859,117
32.5760,640,23,BL,5.16281,0.14478,5.09281,117
32.5760,640,24,FL,5.61574,0.13827,5.54574,117
32.5760,640,25,BR,5.29039,-0.13918,5.22039,117
32.5760,640,26,FR,5.74332,-0.14569,5.67332,117
32.5760,640,27,BL,5.42754,0.14478,5.35754,117
32.5760,640,28,FL,5.88047,0.13827,5.81047,117
32.5760,640,29,BR,5.55513,-0.13918,5.48513,117
32.5760,640,30,FR,6.00806,-0.14569,5.93806,117
32.5760,640,31,BL,5.69228,0.14478,5.62228,117
33.7720,680,0,FL,4.38325,0.11466,4.31325,131
33.7720,680,1,BR,4.06245,-0.16869,3.99245,131
33.7720,680,2,FR,4.51574,-0.16934,4.44574,131
33.7720,680,3,BL,4.19590,0.11530,4.12590,131
33.7720,680,4,FL,4.64918,0.11466,4.57918,117
33.7720,680,5,BR,4.32839,-0.16869,4.25839,117
33.7720,680,6,FR,4.78167,-0.16934,4.71167,117
33.7720,680,7,BL,4.46183,0.11530,4.39183,117
33.7720,680,8,FL,4.91511,0.11466,4.84511,117
33.7720,680,9,BR,4.59432,-0.16869,4.52432,117
33.7720,680,10,FR,5.04760,-0.16934,4.97760,117
33.7720,680,11,BL,4.72777,0.11530,4.65777,117
33.7720,680,12,FL,5.18105,0.11466,5.11105,117
33.7720,680,13,BR,4.86026,-0.16869,4.79026,117
33.7720,680,14,FR,5.31354,-0.16934,5.24354,117
33.7720,680,15,BL,4.99370,0.11530,4.92370,117
33.7720,680,16,FL,5.44698,0.11466,5.37698,117
33.7720,680,17,BR,5.12619,-0.16869,5.05619,117
33.7720,680,18,FR,5.57947,-0.16934,5.50947,117
33.7720,680,19,BL,5.25963,0.11530,5.18963,117
33.7720,680,20,FL,5.71292,0.11466,5.64292,117
33.7720,680,21,BR,5.39212,-0.16869,5.32212,117
33.7720,680,22,FR,5.84541,-0.16934,5.77541,117
33.7720,680,23,BL,5.52557,0.11530,5.45557,117
33.7720,680,24,FL,5.97885,0.11466,5.90885,117
33.7720,680,25,BR,5.65806,-0.16869,5.58806,117
33.7720,680,26,FR,6.11134,-0.16934,6.04134,117
33.7720,680,27,BL,5.79150,0.11530,5.72150,117
33.7720,680,28,FL,6.24478,0.11466,6.17478,117
33.7720,680,29,BR,5.92399,-0.16869,5.85399,117
33.7720,680,30,FR,6.37728,-0.16934,6.30728,117
33.7720,680,31,BL,6.05744,0.11530,5.98744,117
34.8280,715,0,FL,4.67272,0.10492,4.60272,131
34.8280,715,1,BR,4.35131,-0.17802,4.28131,131
34.8280,715,2,FR,4.80428,-0.17908,4.73428,131
34.8280,715,3,BL,4.48442,0.10598,4.41442,131
34.8280,715,4,FL,4.93738,0.10492,4.86738,117
34.8280,715,5,BR,4.61597,-0.17802,4.54597,117
34.8280,715,6,FR,5.06893,-0.17908,4.99893,117
34.8280,715,7,BL,4.74907,0.10598,4.67907,117
34.8280,715,8,FL,5.20204,0.10492,5.13204,117
34.8280,715,9,BR,4.88063,-0.17802,4.81063,117
34.8280,715,10,FR,5.33359,-0.17908,5.26359,117
34.8280,715,11,BL,5.01373,0.10598,4.94373,117
34.8280,715,12,FL,5.46669,0.10492,5.39669,117
34.8280,715,13,BR,5.14528,-0.17802,5.07528,117
34.8280,715,14,FR,5.59825,-0.17908,5.52825,117
34.8280,715,15,BL,5.27839,0.10598,5.20839,117
34.8280,715,16,FL,5.73135,0.10492,5.66135,117
34.8280,715,17,BR,5.40994,-0.17802,5.33994,117
34.8280,715,18,FR,5.86290,-0.17908,5.79290,117
34.8280,715,19,BL,5.54304,0.10598,5.47304,117
34.8280,715,20,FL,5.99601,0.10492,5.92601,117
34.8280,715,21,BR,5.67460,-0.17802,5.60460,117
34.8280,715,22,FR,6.12756,-0.17908,6.05756,117
34.8280,715,23,BL,5.80770,0.10598,5.73770,117
34.8280,715,24,FL,6.26066,0.10492,6.19066,117
34.8280,715,25,BR,5.93925,-0.17802,5.86925,117
34.8280,715,26,FR,6.39222,-0.17908,6.32222,117
34.8280,715,27,BL,6.07236,0.10598,6.00236,117
34.8280,715,28,FL,6.52532,0.10492,6.45532,117
34.8280,715,29,BR,6.20391,-0.17802,6.13391,117
34.8280,715,30,FR,6.65687,-0.17908,6.58687,117
34.8280,715,31,BL,6.33701,0.10598,6.26701,117
36.0060,755,0,FL,5.02656,0.11807,4.95656,131
36.0060,755,1,BR,4.70051,-0.15906,4.63051,131
36.0060,755,2,FR,5.15294,-0.16589,5.08294,131
36.0060,755,3,BL,4.83691,0.12489,4.76691,131
36.0060,755,4,FL,5.28935,0.11807,5.21935,117
36.0060,755,5,BR,4.96329,-0.15906,4.89329,117
36.0060,755,6,FR,5.41573,-0.16589,5.34573,117
36.0060,755,7,BL,5.09970,0.12489,5.02970,117
36.0060,755,8,FL,5.55214,0.11807,5.48214,117
36.0060,755,9,BR,5.22608,-0.15906,5.15608,117
36.0060,755,10,FR,5.67852,-0.16589,5.60852,117
36.0060,755,11,BL,5.36249,0.12489,5.29249,117
36.0060,755,12,FL,5.81493,0.11807,5.74493,117
36.0060,755,13,BR,5.48887,-0.15906,5.41887,117
36.0060,755,14,FR,5.94131,-0.16589,5.87131,117
36.0060,755,15,BL,5.62528,0.12489,5.55528,117
36.0060,755,16,FL,6.07772,0.11807,6.00772,117
36.0060,755,17,BR,5.75166,-0.15906,5.68166,117
36.0060,755,18,FR,6.20410,-0.16589,6.13410,117
36.0060,755,19,BL,5.88807,0.12489,5.81807,117
36.0060,755,20,FL,6.34051,0.11807,6.27051,117
36.0060,755,21,BR,6.01445,-0.15906,5.94445,117
36.0060,755,22,FR,6.46689,-0.16589,6.39689,117
36.0060,755,23,BL,6.15086,0.12489,6.08086,117
36.0060,755,24,FL,6.60330,0.11807,6.53330,117
36.0060,755,25,BR,6.27724,-0.15906,6.20724,117
36.0060,755,26,FR,6.72968,-0.16589,6.65968,117
36.0060,755,27,BL,6.41365,0.12489,6.34365,117
36.0060,755,28,FL,6.86609,0.11807,6.79609,117
36.0060,755,29,BR,6.54003,-0.15906,6.47003,117
36.0060,755,30,FR,6.99247,-0.16589,6.92247,117
36.0060,755,31,BL,6.67644,0.12489,6.60644,117
37.1620,793,0,FL,5.34617,0.12245,5.27617,131
37.1620,793,1,BR,5.02068,-0.15485,4.95068,131
37.1620,793,2,FR,5.47356,-0.16151,5.40356,131
37.1620,793,3,BL,5.15785,0.12911,5.08785,131
37.1620,793,4,FL,5.61073,0.12245,5.54073,117
37.1620,793,5,BR,5.28524,-0.15485,5.21524,117
37.1620,793,6,FR,5.73812,-0.16151,5.66812,117
37.1620,793,7,BL,5.42241,0.12911,5.35241,117
37.1620,793,8,FL,5.87530,0.12245,5.80530,117
37.1620,793,9,BR,5.54980,-0.15485,5.47980,117
37.1620,793,10,FR,6.00269,-0.16151,5.93269,117
37.1620,793,11,BL,5.68698,0.12911,5.61698,117
37.1620,793,12,FL,6.13986,0.12245,6.06986,117
37.1620,793,13,BR,5.81437,-0.15485,5.74437,117
37.1620,793,14,FR,6.26725,-0.16151,6.19725,117
37.1620,793,15,BL,5.95154,0.12911,5.88154,117
37.1620,793,16,FL,6.40442,0.12245,6.33442,117
37.1620,793,17,BR,6.07893,-0.15485,6.00893,117
37.1620,793,18,FR,6.53181,-0.16151,6.46181,117
37.1620,793,19,BL,6.21610,0.12911,6.14610,117
37.1620,793,20,FL,6.66899,0.12245,6.59899,117
37.1620,793,21,BR,6.34349,-0.15485,6.27349,117
37.1620,793,22,FR,6.79638,-0.16151,6.72638,117
37.1620,793,23,BL,6.48066,0.12911,6.41066,117
37.1620,793,24,FL,6.93355,0.12245,6.86355,117
37.1620,793,25,BR,6.60806,-0.15485,6.53806,117
37.1620,793,26,FR,7.06094,-0.16151,6.99094,117
37.1620,793,27,BL,6.74523,0.12911,6.67523,117
37.1620,793,28,FL,7.19811,0.12245,7.12811,117
37.1620,793,29,BR,6.87262,-0.15485,6.80262,117
37.1620,793,30,FR,7.32550,-0.16151,7.25550,117
37.1620,793,31,BL,7.00979,0.12911,6.93979,117
38.2440,829,0,FL,5.66797,0.10457,5.59797,131
38.2440,829,1,BR,5.34643,-0.17806,5.27643,131
38.2440,829,2,FR,5.79950,-0.17943,5.72950,131
38.2440,829,3,BL,5.47996,0.10594,5.40996,131
38.2440,829,4,FL,5.93302,0.10457,5.86302,117
38.2440,829,5,BR,5.61149,-0.17806,5.54149,117
38.2440,829,6,FR,6.06455,-0.17943,5.99455,117
38.2440,829,7,BL,5.74502,0.10594,5.67502,117
38.2440,829,8,FL,6.19808,0.10457,6.12808,117
38.2440,829,9,BR,5.87654,-0.17806,5.80654,117
38.2440,829,10,FR,6.32960,-0.17943,6.25960,117
38.2440,829,11,BL,6.01007,0.10594,5.94007,117
38.2440,829,12,FL,6.46313,0.10457,6.39313,117
38.2440,829,13,BR,6.14159,-0.17806,6.07159,117
38.2440,829,14,FR,6.59465,-0.17943,6.52465,117
38.2440,829,15,BL,6.27512,0.10594,6.20512,117
38.2440,829,16,FL,6.72818,0.10457,6.65818,117
38.2440,829,17,BR,6.40665,-0.17806,6.33665,117
38.2440,829,18,FR,6.85971,-0.17943,6.78971,117
38.2440,829,19,BL,6.54018,0.10594,6.47018,117
38.2440,829,20,FL,6.99324,0.10457,6.92324,117
38.2440,829,21,BR,6.67170,-0.17806,6.60170,117
38.2440,829,22,FR,7.12476,-0.17943,7.05476,117
38.2440,829,23,BL,6.80523,0.10594,6.73523,117
38.2440,829,24,FL,7.25829,0.10457,7.18829,117
38.2440,829,25,BR,6.93675,-0.17806,6.86675,117
38.2440,829,26,FR,7.38981,-0.17943,7.31981,117
38.2440,829,27,BL,7.07028,0.10594,7.00028,117
38.2440,829,28,FL,7.52334,0.10457,7.45334,117
38.2440,829,29,BR,7.20181,-0.17806,7.13181,117
38.2440,829,30,FR,7.65487,-0.17943,7.58487,117
38.2440,829,31,BL,7.33534,0.10594,7.26534,117
39.3480,866,0,FL,5.97046,0.09184,5.90046,131
39.3480,866,1,BR,5.64937,-0.19119,5.57937,131
39.3480,866,2,FR,6.10258,-0.19216,6.03258,131
39.3480,866,3,BL,5.78291,0.09281,5.71291,131
39.3480,866,4,FL,6.23612,0.09184,6.16612,117
39.3480,866,5,BR,5.91503,-0.19119,5.84503,117
39.3480,866,6,FR,6.36825,-0.19216,6.29825,117
39.3480,866,7,BL,6.04857,0.09281,5.97857,117
39.3480,866,8,FL,6.50179,0.09184,6.43179,117
39.3480,866,9,BR,6.18069,-0.19119,6.11069,117
39.3480,866,10,FR,6.63391,-0.19216,6.56391,117
39.3480,866,11,BL,6.31424,0.09281,6.24424,117
39.3480,866,12,FL,6.76745,0.09184,6.69745,117
39.3480,866,13,BR,6.44636,-0.19119,6.37636,117
39.3480,866,14,FR,6.89957,-0.19216,6.82957,117
39.3480,866,15,BL,6.57990,0.09281,6.50990,117
39.3480,866,16,FL,7.03312,0.09184,6.96312,117
39.3480,866,17,BR,6.71202,-0.19119,6.64202,117
39.3480,866,18,FR,7.16524,-0.19216,7.09524,117
39.3480,866,19,BL,6.84557,0.09281,6.77557,117
39.3480,866,20,FL,7.29878,0.09184,7.22878,117
39.3480,866,21,BR,6.97769,-0.19119,6.90769,117
39.3480,866,22,FR,7.43090,-0.19216,7.36090,117
39.3480,866,23,BL,7.11123,0.09281,7.04123,117
39.3480,866,24,FL,7.56444,0.09184,7.49444,117
39.3480,866,25,BR,7.24335,-0.19119,7.17335,117
39.3480,866,26,FR,7.69657,-0.19216,7.62657,117
39.3480,866,27,BL,7.37689,0.09281,7.30689,117
39.3480,866,28,FL,7.83011,0.09184,7.76011,117
39.3480,866,29,BR,7.50901,-0.19119,7.43901,117
39.3480,866,30,FR,7.96223,-0.19216,7.89223,117
39.3480,866,31,BL,7.64256,0.09281,7.57256,117
40.4340,902,0,FL,6.29960,0.10182,6.22960,131
40.4340,902,1,BR,5.97522,-0.17719,5.90522,131
40.4340,902,2,FR,6.42802,-0.18216,6.35802,131
40.4340,902,3,BL,6.11094,0.10678,6.04094,131
40.4340,902,4,FL,6.56374,0.10182,6.49374,117
40.4340,902,5,BR,6.23936,-0.17719,6.16936,117
40.4340,902,6,FR,6.69216,-0.18216,6.62216,117
40.4340,902,7,BL,6.37507,0.10678,6.30507,117
40.4340,902,8,FL,6.82788,0.10182,6.75788,117
40.4340,902,9,BR,6.50350,-0.17719,6.43350,117
40.4340,902,10,FR,6.95630,-0.18216,6.88630,117
40.4340,902,11,BL,6.63921,0.10678,6.56921,117
40.4340,902,12,FL,7.09201,0.10182,7.02201,117
40.4340,902,13,BR,6.76763,-0.17719,6.69763,117
40.4340,902,14,FR,7.22044,-0.18216,7.15044,117
40.4340,902,15,BL,6.90335,0.10678,6.83335,117
40.4340,902,16,FL,7.35615,0.10182,7.28615,117
40.4340,902,17,BR,7.03177,-0.17719,6.96177,117
40.4340,902,18,FR,7.48458,-0.18216,7.41458,117
40.4340,902,19,BL,7.16749,0.10678,7.09749,117
40.4340,902,20,FL,7.62029,0.10182,7.55029,117
40.4340,902,21,BR,7.29591,-0.17719,7.22591,117
40.4340,902,22,FR,7.74871,-0.18216,7.67871,117
40.4340,902,23,BL,7.43162,0.10678,7.36162,117
40.4340,902,24,FL,7.88443,0.10182,7.81443,117
40.4340,902,25,BR,7.56005,-0.17719,7.49005,117
40.4340,902,26,FR,8.01285,-0.18216,7.94285,117
40.4340,902,27,BL,7.69576,0.10678,7.62576,117
40.4340,902,28,FL,8.14856,0.10182,8.07856,117
40.4340,902,29,BR,7.82419,-0.17719,7.75419,117
40.4340,902,30,FR,8.27699,-0.18216,8.20699,117
40.4340,902,31,BL,7.95990,0.10678,7.88990,117
41.4820,937,0,FL,6.59329,0.11012,6.52329,131
41.4820,937,1,BR,6.26885,-0.16783,6.19885,131
41.4820,937,2,FR,6.72233,-0.17384,6.65233,131
41.4820,937,3,BL,6.40673,0.11614,6.33673,131
41.4820,937,4,FL,6.86022,0.11012,6.79022,117
41.4820,937,5,BR,6.53578,-0.16783,6.46578,117
41.4820,937,6,FR,6.98926,-0.17384,6.91926,117
41.4820,937,7,BL,6.67366,0.11614,6.60366,117
41.4820,937,8,FL,7.12714,0.11012,7.05714,117
41.4820,937,9,BR,6.80270,-0.16783,6.73270,117
41.4820,937,10,FR,7.25619,-0.17384,7.18619,117
41.4820,937,11,BL,6.94058,0.11614,6.87058,117
41.4820,937,12,FL,7.39407,0.11012,7.32407,117
41.4820,937,13,BR,7.06963,-0.16783,6.99963,117
41.4820,937,14,FR,7.52311,-0.17384,7.45311,117
41.4820,937,15,BL,7.20751,0.11614,7.13751,117
41.4820,937,16,FL,7.66099,0.11012,7.59099,117
41.4820,937,17,BR,7.33655,-0.16783,7.26655,117
41.4820,937,18,FR,7.79004,-0.17384,7.72004,117
41.4820,937,19,BL,7.47443,0.11614,7.40443,117
41.4820,937,20,FL,7.92792,0.11012,7.85792,117
41.4820,937,21,BR,7.60348,-0.16783,7.53348,117
41.4820,937,22,FR,8.05696,-0.17384,7.98696,117
41.4820,937,23,BL,7.74136,0.11614,7.67136,117
41.4820,937,24,FL,8.19484,0.11012,8.12484,117
41.4820,937,25,BR,7.87040,-0.16783,7.80040,117
41.4820,937,26,FR,8.32389,-0.17384,8.25389,117
41.4820,937,27,BL,8.00828,0.11614,7.93828,117
41.4820,937,28,FL,8.46177,0.11012,8.39177,117
41.4820,937,29,BR,8.13733,-0.16783,8.06733,117
41.4820,937,30,FR,8.59081,-0.17384,8.52081,117
41.4820,937,31,BL,8.27521,0.11614,8.20521,117
42.5720,974,0,FL,6.89663,0.10902,6.82663,131
42.5720,974,1,BR,6.57091,-0.16905,6.50091,131
42.5720,974,2,FR,7.02304,-0.17495,6.95304,131
42.5720,974,3,BL,6.70599,0.11492,6.63599,131
42.5720,974,4,FL,7.15812,0.10902,7.08812,117
42.5720,974,5,BR,6.83240,-0.16905,6.76240,117
42.5720,974,6,FR,7.28453,-0.17495,7.21453,117
42.5720,974,7,BL,6.96748,0.11492,6.89748,117
42.5720,974,8,FL,7.41960,0.10902,7.34960,117
42.5720,974,9,BR,7.09388,-0.16905,7.02388,117
42.5720,974,10,FR,7.54601,-0.17495,7.47601,117
42.5720,974,11,BL,7.22896,0.11492,7.15896,117
42.5720,974,12,FL,7.68109,0.10902,7.61109,117
42.5720,974,13,BR,7.35537,-0.16905,7.28537,117
42.5720,974,14,FR,7.80750,-0.17495,7.73750,117
42.5720,974,15,BL,7.49045,0.11492,7.42045,117
42.5720,974,16,FL,7.94257,0.10902,7.87257,117
42.5720,974,17,BR,7.61685,-0.16905,7.54685,117
42.5720,974,18,FR,8.06898,-0.17495,7.99898,117
42.5720,974,19,BL,7.75193,0.11492,7.68193,117
42.5720,974,20,FL,8.20406,0.10902,8.13406,117
42.5720,974,21,BR,7.87834,-0.16905,7.80834,117
42.5720,974,22,FR,8.33047,-0.17495,8.26047,117
42.5720,974,23,BL,8.01342,0.11492,7.94342,117
42.5720,974,24,FL,8.46554,0.10902,8.39554,117
42.5720,974,25,BR,8.13982,-0.16905,8.06982,117
42.5720,974,26,FR,8.59195,-0.17495,8.52195,117
42.5720,974,27,BL,8.27490,0.11492,8.20490,117
42.5720,974,28,FL,8.72703,0.10902,8.65703,106
42.5720,974,29,BR,8.40131,-0.16905,8.33131,117
42.5720,974,30,FR,8.80344,-0.17495,8.78344,73
42.5720,974,31,BL,8.53639,0.11492,8.46639,117
43.6660,1010,0,FL,7.22188,0.09088,7.15188,131
43.6660,1010,1,BR,6.90205,-0.19315,6.83205,131
43.6660,1010,2,FR,7.35580,-0.19312,7.28580,131
43.6660,1010,3,BL,7.03592,0.09085,6.96592,131
43.6660,1010,4,FL,7.48967,0.09088,7.41967,117
43.6660,1010,5,BR,7.16984,-0.19315,7.09984,117
43.6660,1010,6,FR,7.62359,-0.19312,7.55359,117
43.6660,1010,7,BL,7.30371,0.09085,7.23371,117
43.6660,1010,8,FL,7.75746,0.09088,7.68746,117
43.6660,1010,9,BR,7.43763,-0.19315,7.36763,117
43.6660,1010,10,FR,7.89138,-0.19312,7.82138,117
43.6660,1010,11,BL,7.57150,0.09085,7.50150,117
43.6660,1010,12,FL,8.02525,0.09088,7.95525,117
43.6660,1010,13,BR,7.70542,-0.19315,7.63542,117
43.6660,1010,14,FR,8.15917,-0.19312,8.08917,117
43.6660,1010,15,BL,7.83929,0.09085,7.76929,117
43.6660,1010,16,FL,8.29304,0.09088,8.22304,117
43.6660,1010,17,BR,7.97321,-0.19315,7.90321,117
43.6660,1010,18,FR,8.42696,-0.19312,8.35696,117
43.6660,1010,19,BL,8.10709,0.09085,8.03709,117
43.6660,1010,20,FL,8.56083,0.09088,8.49083,117
43.6660,1010,21,BR,8.24101,-0.19315,8.17101,117
43.6660,1010,22,FR,8.69475,-0.19312,8.62475,117
43.6660,1010,23,BL,8.37488,0.09085,8.30488,117
43.6660,1010,24,FL,8.82863,0.09088,8.75863,84
43.6660,1010,25,BR,8.50880,-0.19315,8.43880,117
43.6660,1010,26,FR,8.81255,-0.19312,8.89255,51
43.6660,1010,27,BL,8.64267,0.09085,8.57267,117
44.7400,1046,0,FL,7.51600,0.08021,7.44600,131
44.7400,1046,1,BR,7.19674,-0.20437,7.12674,131
44.7400,1046,2,FR,7.65065,-0.20379,7.58065,131
44.7400,1046,3,BL,7.33053,0.07963,7.26053,131
44.7400,1046,4,FL,7.78444,0.08021,7.71444,117
44.7400,1046,5,BR,7.46519,-0.20437,7.39519,117
44.7400,1046,6,FR,7.91910,-0.20379,7.84910,117
44.7400,1046,7,BL,7.59898,0.07963,7.52898,117
44.7400,1046,8,FL,8.05289,0.08021,7.98289,117
44.7400,1046,9,BR,7.73363,-0.20437,7.66363,117
44.7400,1046,10,FR,8.18754,-0.20379,8.11754,117
44.7400,1046,11,BL,7.86742,0.07963,7.79742,117
44.7400,1046,12,FL,8.32133,0.08021,8.25133,117
44.7400,1046,13,BR,8.00208,-0.20437,7.93208,117
44.7400,1046,14,FR,8.45599,-0.20379,8.38599,117
44.7400,1046,15,BL,8.13587,0.07963,8.06587,117
44.7400,1046,16,FL,8.58978,0.08021,8.51978,117
44.7400,1046,17,BR,8.27052,-0.20437,8.20052,117
44.7400,1046,18,FR,8.72443,-0.20379,8.65443,106
44.7400,1046,19,BL,8.40431,0.07963,8.33431,117
44.7400,1046,20,FL,8.80822,0.08021,8.78822,73
44.7400,1046,21,BR,8.53897,-0.20437,8.46897,117
45.8360,1082,0,FL,7.84707,0.08907,7.77707,131
45.8360,1082,1,BR,7.52335,-0.19101,7.45335,131
45.8360,1082,2,FR,7.97605,-0.19491,7.90605,131
45.8360,1082,3,BL,7.65805,0.09297,7.58805,131
45.8360,1082,4,FL,8.11075,0.08907,8.04075,117
45.8360,1082,5,BR,7.78702,-0.19101,7.71702,117
45.8360,1082,6,FR,8.23972,-0.19491,8.16972,117
45.8360,1082,7,BL,7.92173,0.09297,7.85173,117
45.8360,1082,8,FL,8.37443,0.08907,8.30443,117
45.8360,1082,9,BR,8.05070,-0.19101,7.98070,117
45.8360,1082,10,FR,8.50340,-0.19491,8.43340,117
45.8360,1082,11,BL,8.18540,0.09297,8.11540,117
45.8360,1082,12,FL,8.63810,0.08907,8.56810,117
45.8360,1082,13,BR,8.31438,-0.19101,8.24438,117
45.8360,1082,14,FR,8.76708,-0.19491,8.69708,95
45.8360,1082,15,BL,8.44908,0.09297,8.37908,117
45.8360,1082,16,FL,8.80178,0.08907,8.83178,62
45.8360,1082,17,BR,8.57805,-0.19101,8.50805,117
46.8880,1117,0,FL,8.14299,0.09791,8.07299,131
46.8880,1117,1,BR,7.81905,-0.18114,7.74905,131
46.8880,1117,2,FR,8.27226,-0.18606,8.20226,131
46.8880,1117,3,BL,7.95555,0.10283,7.88555,131
46.8880,1117,4,FL,8.40875,0.09791,8.33875,117
46.8880,1117,5,BR,8.08481,-0.18114,8.01481,117
46.8880,1117,6,FR,8.53802,-0.18606,8.46802,117
46.8880,1117,7,BL,8.22131,0.10283,8.15131,117
46.8880,1117,8,FL,8.67452,0.09791,8.60452,117
46.8880,1117,9,BR,8.35057,-0.18114,8.28057,117
46.8880,1117,10,FR,8.80378,-0.18606,8.73378,84
46.8880,1117,11,BL,8.48707,0.10283,8.41707,117
46.8880,1117,12,FL,8.84028,0.09791,8.87028,62
46.8880,1117,13,BR,8.61633,-0.18114,8.54633,117
47.9960,1154,0,FL,8.45873,0.09262,8.38873,131
47.9960,1154,1,BR,8.13379,-0.18635,8.06379,131
47.9960,1154,2,FR,8.58607,-0.19136,8.51607,131
47.9960,1154,3,BL,8.26848,0.09763,8.19848,131
47.9960,1154,4,FL,8.72075,0.09262,8.65075,106
47.9960,1154,5,BR,8.39582,-0.18635,8.32582,117
47.9960,1154,6,FR,8.84809,-0.19136,8.77809,84
47.9960,1154,7,BL,8.53051,0.09763,8.46051,117
49.0880,1191,0,FL,8.59696,0.07155,8.52696,134
49.0880,1191,1,BR,8.20892,-0.21024,8.13892,134
49.0880,1191,2,FR,8.59608,-0.21244,8.52608,134
49.0880,1191,3,BL,8.21128,0.07376,8.14128,134
49.0880,1191,4,FL,8.59844,0.07155,8.52844,92
49.0880,1191,5,BR,8.21039,-0.21024,8.14039,92
49.0880,1191,6,FR,8.59755,-0.21244,8.52755,92
49.0880,1191,7,BL,8.21275,0.07376,8.14275,92
49.0880,1191,8,FL,8.59991,0.07155,8.52991,92
49.0880,1191,9,BR,8.21187,-0.21024,8.14187,92
49.0880,1191,10,FR,8.59903,-0.21244,8.52903,92
49.0880,1191,11,BL,8.21423,0.07376,8.14423,92
49.0880,1191,12,FL,8.60139,0.07155,8.53139,86
49.0880,1191,13,BR,8.21334,-0.21024,8.14334,92
49.0880,1191,14,FR,8.60050,-0.21244,8.53050,86
49.0880,1191,15,BL,8.21570,0.07376,8.14570,92
49.0880,1191,16,FL,8.60286,0.07155,8.53286,86
49.0880,1191,17,BR,8.21482,-0.21024,8.14482,92
49.0880,1191,18,FR,8.60198,-0.21244,8.53198,86
49.0880,1191,19,BL,8.21718,0.07376,8.14718,92
49.0880,1191,20,FL,8.60434,0.07155,8.53434,86
49.0880,1191,21,BR,8.21629,-0.21024,8.14629,92
49.0880,1191,22,FR,8.60345,-0.21244,8.53345,86
49.0880,1191,23,BL,8.21865,0.07376,8.14865,92
49.0880,1191,24,FL,8.60581,0.07155,8.53581,86
49.0880,1191,25,BR,8.21777,-0.21024,8.14777,92
49.0880,1191,26,FR,8.60493,-0.21244,8.53493,86
49.0880,1191,27,BL,8.22013,0.07376,8.15013,92
49.0880,1191,28,FL,8.60729,0.07155,8.53729,86
49.0880,1191,29,BR,8.21924,-0.21024,8.14924,92
49.0880,1191,30,FR,8.60640,-0.21244,8.53640,86
49.0880,1191,31,BL,8.22160,0.07376,8.15160,92
50.2780,1230,0,FL,8.58301,0.09731,8.51301,132
50.2780,1230,1,BR,8.19207,-0.18057,8.12207,132
50.2780,1230,2,FR,8.57911,-0.18665,8.50911,132
50.2780,1230,3,BL,8.19711,0.10339,8.12711,132
50.2780,1230,4,FL,8.58415,0.09731,8.51415,91
50.2780,1230,5,BR,8.19322,-0.18057,8.12322,91
50.2780,1230,6,FR,8.58026,-0.18665,8.51026,91
50.2780,1230,7,BL,8.19825,0.10339,8.12825,91
50.2780,1230,8,FL,8.58529,0.09731,8.51529,91
50.2780,1230,9,BR,8.19436,-0.18057,8.12436,91
50.2780,1230,10,FR,8.58140,-0.18665,8.51140,91
50.2780,1230,11,BL,8.19940,0.10339,8.12940,91
50.2780,1230,12,FL,8.58644,0.09731,8.51644,91
50.2780,1230,13,BR,8.19550,-0.18057,8.12550,91
50.2780,1230,14,FR,8.58254,-0.18665,8.51254,91
50.2780,1230,15,BL,8.20054,0.10339,8.13054,91
50.2780,1230,16,FL,8.58758,0.09731,8.51758,91
50.2780,1230,17,BR,8.19665,-0.18057,8.12665,91
50.2780,1230,18,FR,8.58369,-0.18665,8.51369,91
50.2780,1230,19,BL,8.20169,0.10339,8.13169,91
50.2780,1230,20,FL,8.58872,0.09731,8.51872,91
50.2780,1230,21,BR,8.19779,-0.18057,8.12779,91
50.2780,1230,22,FR,8.58483,-0.18665,8.51483,91
50.2780,1230,23,BL,8.20283,0.10339,8.13283,91
50.2780,1230,24,FL,8.58987,0.09731,8.51987,91
50.2780,1230,25,BR,8.19894,-0.18057,8.12894,91
50.2780,1230,26,FR,8.58597,-0.18665,8.51597,91
50.2780,1230,27,BL,8.20397,0.10339,8.13397,91
50.2780,1230,28,FL,8.59101,0.09731,8.52101,91
50.2780,1230,29,BR,8.20008,-0.18057,8.13008,91
50.2780,1230,30,FR,8.58712,-0.18665,8.51712,91
50.2780,1230,31,BL,8.20512,0.10339,8.13512,91
51.2480,1263,0,FL,8.58113,0.09815,8.51113,132
51.2480,1263,1,BR,8.19047,-0.18051,8.12047,132
51.2480,1263,2,FR,8.57723,-0.18582,8.50723,132
51.2480,1263,3,BL,8.19437,0.10347,8.12437,132
51.2480,1263,4,FL,8.58113,0.09815,8.51113,80
51.2480,1263,5,BR,8.19047,-0.18051,8.12047,80
51.2480,1263,6,FR,8.57723,-0.18582,8.50723,80
51.2480,1263,7,BL,8.19437,0.10347,8.12437,80
51.2480,1263,8,FL,8.58113,0.09815,8.51113,80
51.2480,1263,9,BR,8.19047,-0.18051,8.12047,80
51.2480,1263,10,FR,8.57723,-0.18582,8.50723,80
51.2480,1263,11,BL,8.19437,0.10347,8.12437,80
51.2480,1263,12,FL,8.58113,0.09815,8.51113,80
51.2480,1263,13,BR,8.19047,-0.18051,8.12047,80
51.2480,1263,14,FR,8.57723,-0.18582,8.50723,80
51.2480,1263,15,BL,8.19437,0.10347,8.12437,80
51.2480,1263,16,FL,8.58113,0.09815,8.51113,80
51.2480,1263,17,BR,8.19047,-0.18051,8.12047,80
51.2480,1263,18,FR,8.57723,-0.18582,8.50723,80
51.2480,1263,19,BL,8.19437,0.10347,8.12437,80
51.2480,1263,20,FL,8.58113,0.09815,8.51113,80
51.2480,1263,21,BR,8.19047,-0.18051,8.12047,80
51.2480,1263,22,FR,8.57723,-0.18582,8.50723,80
51.2480,1263,23,BL,8.19437,0.10347,8.12437,80
51.2480,1263,24,FL,8.58113,0.09815,8.51113,80
51.2480,1263,25,BR,8.19047,-0.18051,8.12047,80
51.2480,1263,26,FR,8.57723,-0.18582,8.50723,80
51.2480,1263,27,BL,8.19437,0.10347,8.12437,80
51.2480,1263,28,FL,8.58113,0.09815,8.51113,80
51.2480,1263,29,BR,8.19047,-0.18051,8.12047,80
51.2480,1263,30,FR,8.57723,-0.18582,8.50723,80
51.2480,1263,31,BL,8.19437,0.10347,8.12437,80
52.1940,1294,0,FL,8.57904,0.09782,8.50904,132
52.1940,1294,1,BR,8.18852,-0.18103,8.11852,132
52.1940,1294,2,FR,8.57528,-0.18615,8.50528,132
52.1940,1294,3,BL,8.19227,0.10294,8.12227,132
52.1940,1294,4,FL,8.57904,0.09782,8.50904,80
52.1940,1294,5,BR,8.18852,-0.18103,8.11852,80
52.1940,1294,6,FR,8.57528,-0.18615,8.50528,80
52.1940,1294,7,BL,8.19227,0.10294,8.12227,80
52.1940,1294,8,FL,8.57904,0.09782,8.50904,80
52.1940,1294,9,BR,8.18852,-0.18103,8.11852,80
52.1940,1294,10,FR,8.57528,-0.18615,8.50528,80
52.1940,1294,11,BL,8.19227,0.10294,8.12227,80
52.1940,1294,12,FL,8.57904,0.09782,8.50904,80
52.1940,1294,13,BR,8.18852,-0.18103,8.11852,80
52.1940,1294,14,FR,8.57528,-0.18615,8.50528,80
52.1940,1294,15,BL,8.19227,0.10294,8.12227,80
52.1940,1294,16,FL,8.57904,0.09782,8.50904,80
52.1940,1294,17,BR,8.18852,-0.18103,8.11852,80
52.1940,1294,18,FR,8.57528,-0.18615,8.50528,80
52.1940,1294,19,BL,8.19227,0.10294,8.12227,80
52.1940,1294,20,FL,8.57904,0.09782,8.50904,80
52.1940,1294,21,BR,8.18852,-0.18103,8.11852,80
52.1940,1294,22,FR,8.57528,-0.18615,8.50528,80
52.1940,1294,23,BL,8.19227,0.10294,8.12227,80
52.1940,1294,24,FL,8.57904,0.09782,8.50904,80
52.1940,1294,25,BR,8.18852,-0.18103,8.11852,80
52.1940,1294,26,FR,8.57528,-0.18615,8.50528,80
52.1940,1294,27,BL,8.19227,0.10294,8.12227,80
52.1940,1294,28,FL,8.57904,0.09782,8.50904,80
52.1940,1294,29,BR,8.18852,-0.18103,8.11852,80
52.1940,1294,30,FR,8.57528,-0.18615,8.50528,80
52.1940,1294,31,BL,8.19227,0.10294,8.12227,80
53.1100,1325,0,FL,8.57725,0.09725,8.50725,132
53.1100,1325,1,BR,8.18676,-0.18165,8.11676,132
53.1100,1325,2,FR,8.57353,-0.18672,8.50353,132
53.1100,1325,3,BL,8.19049,0.10233,8.12049,132
53.1100,1325,4,FL,8.57725,0.09725,8.50725,80
53.1100,1325,5,BR,8.18676,-0.18165,8.11676,80
53.1100,1325,6,FR,8.57353,-0.18672,8.50353,80
53.1100,1325,7,BL,8.19049,0.10233,8.12049,80
53.1100,1325,8,FL,8.57725,0.09725,8.50725,80
53.1100,1325,9,BR,8.18676,-0.18165,8.11676,80
53.1100,1325,10,FR,8.57353,-0.18672,8.50353,80
53.1100,1325,11,BL,8.19049,0.10233,8.12049,80
53.1100,1325,12,FL,8.57725,0.09725,8.50725,80
53.1100,1325,13,BR,8.18676,-0.18165,8.11676,80
53.1100,1325,14,FR,8.57353,-0.18672,8.50353,80
53.1100,1325,15,BL,8.19049,0.10233,8.12049,80
53.1100,1325,16,FL,8.57725,0.09725,8.50725,80
53.1100,1325,17,BR,8.18676,-0.18165,8.11676,80
53.1100,1325,18,FR,8.57353,-0.18672,8.50353,80
53.1100,1325,19,BL,8.19049,0.10233,8.12049,80
53.1100,1325,20,FL,8.57725,0.09725,8.50725,80
53.1100,1325,21,BR,8.18676,-0.18165,8.11676,80
53.1100,1325,22,FR,8.57353,-0.18672,8.50353,80
53.1100,1325,23,BL,8.19049,0.10233,8.12049,80
53.1100,1325,24,FL,8.57725,0.09725,8.50725,80
53.1100,1325,25,BR,8.18676,-0.18165,8.11676,80
53.1100,1325,26,FR,8.57353,-0.18672,8.50353,80
53.1100,1325,27,BL,8.19049,0.10233,8.12049,80
53.1100,1325,28,FL,8.57725,0.09725,8.50725,80
53.1100,1325,29,BR,8.18676,-0.18165,8.11676,80
53.1100,1325,30,FR,8.57353,-0.18672,8.50353,80
53.1100,1325,31,BL,8.19049,0.10233,8.12049,80
54.1280,1359,0,FL,8.57559,0.09661,8.50559,132
54.1280,1359,1,BR,8.18517,-0.18229,8.11517,132
54.1280,1359,2,FR,8.57201,-0.18736,8.50201,132
54.1280,1359,3,BL,8.18904,0.10168,8.11904,132
54.1280,1359,4,FL,8.57588,0.09661,8.50588,91
54.1280,1359,5,BR,8.18546,-0.18229,8.11546,91
54.1280,1359,6,FR,8.57230,-0.18736,8.50230,91
54.1280,1359,7,BL,8.18933,0.10168,8.11933,91
54.1280,1359,8,FL,8.57617,0.09661,8.50617,91
54.1280,1359,9,BR,8.18575,-0.18229,8.11575,91
54.1280,1359,10,FR,8.57259,-0.18736,8.50259,91
54.1280,1359,11,BL,8.18962,0.10168,8.11962,91
54.1280,1359,12,FL,8.57646,0.09661,8.50646,91
54.1280,1359,13,BR,8.18604,-0.18229,8.11604,91
54.1280,1359,14,FR,8.57288,-0.18736,8.50288,91
54.1280,1359,15,BL,8.18991,0.10168,8.11991,91
54.1280,1359,16,FL,8.57675,0.09661,8.50675,91
54.1280,1359,17,BR,8.18633,-0.18229,8.11633,91
54.1280,1359,18,FR,8.57317,-0.18736,8.50317,91
54.1280,1359,19,BL,8.19020,0.10168,8.12020,91
54.1280,1359,20,FL,8.57704,0.09661,8.50704,91
54.1280,1359,21,BR,8.18662,-0.18229,8.11662,91
54.1280,1359,22,FR,8.57346,-0.18736,8.50346,91
54.1280,1359,23,BL,8.19049,0.10168,8.12049,91
54.1280,1359,24,FL,8.57733,0.09661,8.50733,91
54.1280,1359,25,BR,8.18691,-0.18229,8.11691,91
54.1280,1359,26,FR,8.57375,-0.18736,8.50375,91
54.1280,1359,27,BL,8.19078,0.10168,8.12078,91
54.1280,1359,28,FL,8.57762,0.09661,8.50762,91
54.1280,1359,29,BR,8.18720,-0.18229,8.11720,91
54.1280,1359,30,FR,8.57404,-0.18736,8.50404,91
54.1280,1359,31,BL,8.19107,0.10168,8.12107,91
55.1480,1393,0,FL,8.57432,0.09604,8.50432,132
55.1480,1393,1,BR,8.18398,-0.18287,8.11398,132
55.1480,1393,2,FR,8.57089,-0.18794,8.50089,132
55.1480,1393,3,BL,8.18799,0.10110,8.11799,132
55.1480,1393,4,FL,8.57490,0.09604,8.50490,91
55.1480,1393,5,BR,8.18456,-0.18287,8.11456,91
55.1480,1393,6,FR,8.57147,-0.18794,8.50147,91
55.1480,1393,7,BL,8.18857,0.10110,8.11857,91
55.1480,1393,8,FL,8.57548,0.09604,8.50548,91
55.1480,1393,9,BR,8.18514,-0.18287,8.11514,91
55.1480,1393,10,FR,8.57205,-0.18794,8.50205,91
55.1480,1393,11,BL,8.18915,0.10110,8.11915,91
55.1480,1393,12,FL,8.57606,0.09604,8.50606,91
55.1480,1393,13,BR,8.18572,-0.18287,8.11572,91
55.1480,1393,14,FR,8.57263,-0.18794,8.50263,91
55.1480,1393,15,BL,8.18973,0.10110,8.11973,91
55.1480,1393,16,FL,8.57664,0.09604,8.50664,91
55.1480,1393,17,BR,8.18630,-0.18287,8.11630,91
55.1480,1393,18,FR,8.57321,-0.18794,8.50321,91
55.1480,1393,19,BL,8.19031,0.10110,8.12031,91
55.1480,1393,20,FL,8.57722,0.09604,8.50722,91
55.1480,1393,21,BR,8.18688,-0.18287,8.11688,91
55.1480,1393,22,FR,8.57380,-0.18794,8.50380,91
55.1480,1393,23,BL,8.19089,0.10110,8.12089,91
55.1480,1393,24,FL,8.57780,0.09604,8.50780,91
55.1480,1393,25,BR,8.18746,-0.18287,8.11746,91
55.1480,1393,26,FR,8.57438,-0.18794,8.50438,91
55.1480,1393,27,BL,8.19147,0.10110,8.12147,91
55.1480,1393,28,FL,8.57839,0.09604,8.50839,91
55.1480,1393,29,BR,8.18805,-0.18287,8.11805,91
55.1480,1393,30,FR,8.57496,-0.18794,8.50496,91
55.1480,1393,31,BL,8.19205,0.10110,8.12205,91
56.1840,1427,0,FL,8.57330,0.09556,8.50330,132
56.1840,1427,1,BR,8.18304,-0.18338,8.11304,132
56.1840,1427,2,FR,8.57001,-0.18842,8.50001,132
56.1840,1427,3,BL,8.18715,0.10059,8.11715,132
56.1840,1427,4,FL,8.57413,0.09556,8.50413,91
56.1840,1427,5,BR,8.18387,-0.18338,8.11387,91
56.1840,1427,6,FR,8.57084,-0.18842,8.50084,91
56.1840,1427,7,BL,8.18798,0.10059,8.11798,91
56.1840,1427,8,FL,8.57496,0.09556,8.50496,91
56.1840,1427,9,BR,8.18470,-0.18338,8.11470,91
56.1840,1427,10,FR,8.57167,-0.18842,8.50167,91
56.1840,1427,11,BL,8.18881,0.10059,8.11881,91
56.1840,1427,12,FL,8.57579,0.09556,8.50579,91
56.1840,1427,13,BR,8.18553,-0.18338,8.11553,91
56.1840,1427,14,FR,8.57250,-0.18842,8.50250,91
56.1840,1427,15,BL,8.18964,0.10059,8.11964,91
56.1840,1427,16,FL,8.57662,0.09556,8.50662,91
56.1840,1427,17,BR,8.18636,-0.18338,8.11636,91
56.1840,1427,18,FR,8.57333,-0.18842,8.50333,91
56.1840,1427,19,BL,8.19047,0.10059,8.12047,91
56.1840,1427,20,FL,8.57745,0.09556,8.50745,91
56.1840,1427,21,BR,8.18719,-0.18338,8.11719,91
56.1840,1427,22,FR,8.57417,-0.18842,8.50417,91
56.1840,1427,23,BL,8.19130,0.10059,8.12130,91
56.1840,1427,24,FL,8.57828,0.09556,8.50828,91
56.1840,1427,25,BR,8.18802,-0.18338,8.11802,91
56.1840,1427,26,FR,8.57500,-0.18842,8.50500,91
56.1840,1427,27,BL,8.19214,0.10059,8.12214,91
56.1840,1427,28,FL,8.57911,0.09556,8.50911,91
56.1840,1427,29,BR,8.18885,-0.18338,8.11885,91
56.1840,1427,30,FR,8.57583,-0.18842,8.50583,91
56.1840,1427,31,BL,8.19297,0.10059,8.12297,91
57.1220,1459,0,FL,8.57253,0.09518,8.50253,132
57.1220,1459,1,BR,8.18234,-0.18378,8.11234,132
57.1220,1459,2,FR,8.56936,-0.18879,8.49936,132
57.1220,1459,3,BL,8.18652,0.10019,8.11652,132
57.1220,1459,4,FL,8.57354,0.09518,8.50354,91
57.1220,1459,5,BR,8.18334,-0.18378,8.11334,91
57.1220,1459,6,FR,8.57036,-0.18879,8.50036,91
57.1220,1459,7,BL,8.18752,0.10019,8.11752,91
57.1220,1459,8,FL,8.57454,0.09518,8.50454,91
57.1220,1459,9,BR,8.18434,-0.18378,8.11434,91
57.1220,1459,10,FR,8.57136,-0.18879,8.50136,91
57.1220,1459,11,BL,8.18852,0.10019,8.11852,91
57.1220,1459,12,FL,8.57554,0.09518,8.50554,91
57.1220,1459,13,BR,8.18535,-0.18378,8.11535,91
57.1220,1459,14,FR,8.57236,-0.18879,8.50236,91
57.1220,1459,15,BL,8.18953,0.10019,8.11953,91
57.1220,1459,16,FL,8.57654,0.09518,8.50654,91
57.1220,1459,17,BR,8.18635,-0.18378,8.11635,91
57.1220,1459,18,FR,8.57337,-0.18879,8.50337,91
57.1220,1459,19,BL,8.19053,0.10019,8.12053,91
57.1220,1459,20,FL,8.57755,0.09518,8.50755,91
57.1220,1459,21,BR,8.18735,-0.18378,8.11735,91
57.1220,1459,22,FR,8.57437,-0.18879,8.50437,91
57.1220,1459,23,BL,8.19153,0.10019,8.12153,91
57.1220,1459,24,FL,8.57855,0.09518,8.50855,91
57.1220,1459,25,BR,8.18835,-0.18378,8.11835,91
57.1220,1459,26,FR,8.57537,-0.18879,8.50537,91
57.1220,1459,27,BL,8.19253,0.10019,8.12253,91
57.1220,1459,28,FL,8.57955,0.09518,8.50955,91
57.1220,1459,29,BR,8.18935,-0.18378,8.11935,91
57.1220,1459,30,FR,8.57637,-0.18879,8.50637,91
57.1220,1459,31,BL,8.19353,0.10019,8.12353,91
