map_stamp,frame,cell_i,cell_j,x,y,z_raw,z_inpainted,z_smooth,slope,roughness,hole_mask_recon,hole_mask_filtered,traversability,traversability_mask,observed,inside_map,binary_safe
0,map,0,50,8.1250,-0.0250,0.00000,0.00000,0.00000,0.00000,0.00000,1.00000,nan,1.00000,1.00000,1,1,1
0,map,1,50,8.0750,-0.0250,0.00000,0.00000,0.00000,0.00000,0.00000,1.00000,nan,1.00000,1.00000,1,1,1
0,map,2,50,8.0250,-0.0250,0.00000,0.00000,0.00000,0.00000,0.00000,1.00000,nan,1.00000,1.00000,1,1,1
0,map,3,50,7.9750,-0.0250,0.00000,0.00000,0.00000,0.00000,0.00000,1.00000,nan,1.00000,1.00000,1,1,1
0,map,4,50,7.9250,-0.0250,0.00000,0.00000,0.00000,0.00000,0.00000,1.00000,nan,1.00000,1.00000,1,1,1
0,map,5,50,7.8750,-0.0250,0.00000,0.00000,0.00000,0.00000,0.00000,1.00000,nan,1.00000,1.00000,1,1,1
0,map,6,50,7.8250,-0.0250,0.00000,0.00000,0.00000,0.00000,0.00000,1.00000,nan,1.00000,1.00000,1,1,1
0,map,7,50,7.7750,-0.0250,0.00000,0.00000,0.00000,0.00000,0.00000,1.00000,nan,1.00000,1.00000,1,1,1
0,map,8,50,7.7250,-0.0250,0.00000,0.00000,0.00000,0.00000,0.00000,1.00000,nan,1.00000,1.00000,1,1,1
0,map,9,50,7.6750,-0.0250,0.00000,0.00000,0.00000,0.00000,0.00000,1.00000,nan,1.00000,1.00000,1,1,1
0,map,10,50,7.6250,-0.0250,0.00000,0.00000,0.00000,0.00000,0.00000,1.00000,nan,1.00000,1.00000,1,1,1
0,map,11,50,7.5750,-0.0250,0.00000,0.00000,0.00000,0.00000,0.00000,1.00000,nan,1.00000,1.00000,1,1,1
0,map,12,50,7.5250,-0.0250,0.00000,0.00000,0.00000,0.00000,0.00000,1.00000,nan,1.00000,1.00000,1,1,1
0,map,13,50,7.4750,-0.0250,0.00000,0.00000,0.00000,0.00000,0.00000,1.00000,nan,1.00000,1.00000,1,1,1
0,map,14,50,7.4250,-0.0250,0.00000,0.00000,0.00000,0.00000,0.00000,1.00000,nan,1.00000,1.00000,1,1,1
0,map,15,50,7.3750,-0.0250,0.00000,0.00000,0.00000,0.00000,0.00000,1.00000,nan,1.00000,1.00000,1,1,1
0,map,16,50,7.3250,-0.0250,0.00000,0.00000,0.00000,0.00000,0.00000,1.00000,nan,1.00000,1.00000,1,1,1
0,map,17,50,7.2750,-0.0250,0.00000,0.00000,0.00000,0.00000,0.00000,1.00000,nan,1.00000,1.00000,1,1,1
0,map,18,50,7.2250,-0.0250,0.00000,0.00000,0.00000,0.00000,0.00000,1.00000,nan,1.00000,1.00000,1,1,1
0,map,19,50,7.1750,-0.0250,0.00000,0.00000,0.00000,0.00000,0.00000,1.00000,nan,1.00000,1.00000,1,1,1
0,map,20,50,7.1250,-0.0250,0.00000,0.00000,0.00000,0.00000,0.00000,1.00000,nan,1.00000,1.00000,1,1,1
0,map,21,50,7.0750,-0.0250,0.00000,0.00000,0.00000,0.00000,0.00000,1.00000,nan,1.00000,1.00000,1,1,1
0,map,22,50,7.0250,-0.0250,0.00000,0.00000,0.00000,0.00000,0.00000,1.00000,nan,1.00000,1.00000,1,1,1
0,map,23,50,6.9750,-0.0250,0.00000,0.00000,0.00000,0.00000,0.00000,1.00000,nan,1.00000,1.00000,1,1,1
0,map,24,50,6.9250,-0.0250,0.00000,0.00000,0.00000,0.00000,0.00000,1.00000,nan,1.00000,1.00000,1,1,1
0,map,25,50,6.8750,-0.0250,0.00000,0.00000,0.00000,0.00000,0.00000,1.00000,nan,1.00000,1.00000,1,1,1
0,map,26,50,6.8250,-0.0250,0.00000,0.00000,0.00000,0.00000,0.00000,1.00000,nan,1.00000,1.00000,1,1,1
0,map,27,50,6.7750,-0.0250,0.00000,0.00000,0.00000,0.00000,0.00000,1.00000,nan,1.00000,1.00000,1,1,1
0,map,28,50,6.7250,-0.0250,0.00000,0.00000,0.00000,0.00000,0.00000,1.00000,nan,1.00000,1.00000,1,1,1
0,map,29,50,6.6750,-0.0250,0.00000,0.00000,0.00000,0.00000,0.00000,1.00000,nan,1.00000,1.00000,1,1,1
0,map,30,50,6.6250,-0.0250,0.00000,0.00000,0.00000,0.00000,0.00000,1.00000,nan,1.00000,1.00000,1,1,1
0,map,31,50,6.5750,-0.0250,0.00000,0.00000,0.00000,0.00000,0.00000,1.00000,nan,1.00000,1.00000,1,1,1
0,map,32,50,6.5250,-0.0250,0.00000,0.00000,0.00000,0.00000,0.00000,1.00000,nan,1.00000,1.00000,1,1,1
0,map,33,50,6.4750,-0.0250,0.00000,0.00000,0.00000,0.00000,0.00000,1.00000,nan,1.00000,1.00000,1,1,1
0,map,34,50,6.4250,-0.0250,0.00000,0.00000,0.00000,0.00000,0.00000,1.00000,nan,1.00000,1.00000,1,1,1
0,map,35,50,6.3750,-0.0250,0.00000,0.00000,0.00000,0.00000,0.00000,1.00000,nan,1.00000,1.00000,1,1,1
0,map,36,50,6.3250,-0.0250,0.00000,0.00000,0.00000,0.00000,0.00000,1.00000,nan,1.00000,1.00000,1,1,1
0,map,37,50,6.2750,-0.0250,0.00000,0.00000,0.00000,0.00000,0.00000,1.00000,nan,1.00000,1.00000,1,1,1
0,map,38,50,6.2250,-0.0250,0.00000,0.00000,0.00000,0.00000,0.00000,1.00000,nan,1.00000,1.00000,1,1,1
0,map,39,50,6.1750,-0.0250,0.00000,0.00000,0.00000,0.00000,0.00000,1.00000,nan,1.00000,1.00000,1,1,1
0,map,40,50,6.1250,-0.0250,0.00000,0.00000,0.00000,0.00000,0.00000,1.00000,nan,1.00000,1.00000,1,1,1
0,map,41,50,6.0750,-0.0250,0.00000,0.00000,0.00000,0.00000,0.00000,1.00000,nan,1.00000,1.00000,1,1,1
0,map,42,50,6.0250,-0.0250,0.00000,0.00000,0.00000,0.00000,0.00000,1.00000,nan,1.00000,1.00000,1,1,1
0,map,43,50,5.9750,-0.0250,0.00000,0.00000,0.00000,0.00000,0.00000,1.00000,nan,1.00000,1.00000,1,1,1
0,map,44,50,5.9250,-0.0250,0.00000,0.00000,0.00000,0.00000,0.00000,1.00000,nan,1.00000,1.00000,1,1,1
0,map,45,50,5.8750,-0.0250,0.00000,0.00000,0.00000,0.00000,0.00000,1.00000,nan,1.00000,1.00000,1,1,1
0,map,46,50,5.8250,-0.0250,0.00000,0.00000,0.00000,0.00000,0.00000,1.00000,nan,1.00000,1.00000,1,1,1
0,map,47,50,5.7750,-0.0250,0.00000,0.00000,0.00000,0.00000,0.00000,1.00000,nan,1.00000,1.00000,1,1,1
0,map,48,50,5.7250,-0.0250,0.00000,0.00000,0.00000,0.00000,0.00000,1.00000,nan,1.00000,1.00000,1,1,1
0,map,49,50,5.6750,-0.0250,0.00000,0.00000,0.00000,0.00000,0.00000,1.00000,nan,1.00000,1.00000,1,1,1
0,map,50,50,5.6250,-0.0250,0.00000,0.00000,0.00000,0.00000,0.00000,1.00000,nan,1.00000,1.00000,1,1,1
0,map,51,50,5.5750,-0.0250,0.00000,0.00000,0.00000,0.00000,0.00000,1.00000,nan,1.00000,1.00000,1,1,1
0,map,52,50,5.5250,-0.0250,0.00000,0.00000,0.00000,0.00000,0.00000,1.00000,nan,1.00000,1.00000,1,1,1
0,map,53,50,5.4750,-0.0250,0.00000,0.00000,0.00000,0.00000,0.00000,1.00000,nan,1.00000,1.00000,1,1,1
0,map,54,50,5.4250,-0.0250,0.00000,0.00000,0.00000,0.00000,0.00000,1.00000,nan,1.00000,1.00000,1,1,1
0,map,55,50,5.3750,-0.0250,0.00000,0.00000,0.00000,0.00000,0.00000,1.00000,nan,1.00000,1.00000,1,1,1
0,map,56,50,5.3250,-0.0250,0.00000,0.00000,0.00000,0.00000,0.00000,1.00000,nan,1.00000,1.00000,1,1,1
0,map,57,50,5.2750,-0.0250,0.00000,0.00000,0.00000,0.00000,0.00000,1.00000,nan,1.00000,1.00000,1,1,1
0,map,58,50,5.2250,-0.0250,0.00000,0.00000,0.00000,0.00000,0.00000,1.00000,nan,1.00000,1.00000,1,1,1
0,map,59,50,5.1750,-0.0250,0.00000,0.00000,0.00000,0.00000,0.00000,1.00000,nan,1.00000,1.00000,1,1,1
0,map,60,50,5.1250,-0.0250,0.00000,0.00000,0.00000,0.00000,0.00000,1.00000,nan,1.00000,1.00000,1,1,1
0,map,61,50,5.0750,-0.0250,0.00000,0.00000,0.00000,0.00000,0.00000,1.00000,nan,1.00000,1.00000,1,1,1
0,map,62,50,5.0250,-0.0250,0.00000,0.00000,0.00000,0.00000,0.00000,1.00000,nan,1.00000,1.00000,1,1,1
0,map,63,50,4.9750,-0.0250,0.00000,0.00000,0.00000,0.00000,0.00000,1.00000,nan,1.00000,1.00000,1,1,1
0,map,64,50,4.9250,-0.0250,0.00000,0.00000,0.00000,0.00000,0.00000,1.00000,nan,1.00000,1.00000,1,1,1
0,map,65,50,4.8750,-0.0250,0.00000,0.00000,0.00000,0.00000,0.00000,1.00000,nan,1.00000,1.00000,1,1,1
0,map,66,50,4.8250,-0.0250,0.00000,0.00000,0.00000,0.00000,0.00000,1.00000,nan,1.00000,1.00000,1,1,1
0,map,67,50,4.7750,-0.0250,0.00000,0.00000,0.00000,0.00000,0.00000,1.00000,nan,1.00000,1.00000,1,1,1
0,map,68,50,4.7250,-0.0250,0.00000,0.00000,0.00000,0.00000,0.00000,1.00000,nan,1.00000,1.00000,1,1,1
0,map,69,50,4.6750,-0.0250,0.00000,0.00000,0.00000,0.00000,0.00000,1.00000,nan,1.00000,1.00000,1,1,1
0,map,70,50,4.6250,-0.0250,0.00000,0.00000,0.00000,0.00000,0.00000,1.00000,nan,1.00000,1.00000,1,1,1
0,map,71,50,4.5750,-0.0250,0.00000,0.00000,0.00000,0.00000,0.00000,1.00000,nan,1.00000,1.00000,1,1,1
0,map,72,50,4.5250,-0.0250,0.00000,0.00000,0.00000,0.00000,0.00000,1.00000,nan,1.00000,1.00000,1,1,1
0,map,73,50,4.4750,-0.0250,0.00000,0.00000,0.00000,0.00000,0.00000,1.00000,nan,1.00000,1.00000,1,1,1
0,map,74,50,4.4250,-0.0250,0.00000,0.00000,0.00000,0.00000,0.00000,1.00000,nan,1.00000,1.00000,1,1,1
0,map,75,50,4.3750,-0.0250,0.00000,0.00000,0.00000,0.00000,0.00000,1.00000,nan,1.00000,1.00000,1,1,1
0,map,76,50,4.3250,-0.0250,0.00000,0.00000,0.00000,0.00000,0.00000,1.00000,nan,1.00000,1.00000,1,1,1
0,map,77,50,4.2750,-0.0250,0.00000,0.00000,0.00000,0.00000,0.00000,1.00000,nan,1.00000,1.00000,1,1,1
0,map,78,50,4.2250,-0.0250,0.00000,0.00000,0.00000,0.00000,0.00000,1.00000,nan,1.00000,1.00000,1,1,1
0,map,79,50,4.1750,-0.0250,0.00000,0.00000,0.00000,0.00000,0.00000,1.00000,nan,1.00000,1.00000,1,1,1
0,map,80,50,4.1250,-0.0250,0.00000,0.00000,0.00000,0.00000,0.00000,1.00000,nan,1.00000,1.00000,1,1,1
0,map,81,50,4.0750,-0.0250,0.00000,0.00000,0.00000,0.00000,0.00000,1.00000,nan,1.00000,1.00000,1,1,1
0,map,82,50,4.0250,-0.0250,0.00000,0.00000,0.00000,0.00000,0.00000,1.00000,nan,1.00000,1.00000,1,1,1
0,map,83,50,3.9750,-0.0250,0.00000,0.00000,0.00000,0.00000,0.00000,1.00000,nan,1.00000,1.00000,1,1,1
0,map,84,50,3.9250,-0.0250,0.00000,0.00000,0.00000,0.00000,0.00000,1.00000,nan,1.00000,1.00000,1,1,1
0,map,85,50,3.8750,-0.0250,0.00000,0.00000,0.00000,0.00000,0.00000,1.00000,nan,1.00000,1.00000,1,1,1
0,map,86,50,3.8250,-0.0250,0.00000,0.00000,0.00000,0.00000,0.00000,1.00000,nan,1.00000,1.00000,1,1,1
0,map,87,50,3.7750,-0.0250,0.00000,0.00000,0.00000,0.00000,0.00000,1.00000,nan,1.00000,1.00000,1,1,1
0,map,88,50,3.7250,-0.0250,0.00000,0.00000,0.00000,0.00000,0.00000,1.00000,nan,1.00000,1.00000,1,1,1
0,map,89,50,3.6750,-0.0250,0.00000,0.00000,0.00000,0.00000,0.00000,1.00000,nan,1.00000,1.00000,1,1,1
0,map,90,50,3.6250,-0.0250,0.00000,0.00000,0.00000,0.00000,0.00000,1.00000,nan,1.00000,1.00000,1,1,1
0,map,91,50,3.5750,-0.0250,0.00000,0.00000,0.00000,0.00000,0.00000,1.00000,nan,1.00000,1.00000,1,1,1
0,map,92,50,3.5250,-0.0250,0.00000,0.00000,0.00000,0.00000,0.00000,1.00000,nan,1.00000,1.00000,1,1,1
0,map,93,50,3.4750,-0.0250,0.00000,0.00000,0.00000,0.00000,0.00000,1.00000,nan,1.00000,1.00000,1,1,1
0,map,94,50,3.4250,-0.0250,0.00000,0.00000,0.00000,0.00000,0.00000,1.00000,nan,1.00000,1.00000,1,1,1
0,map,95,50,3.3750,-0.0250,0.00000,0.00000,0.00000,0.00000,0.00000,1.00000,nan,1.00000,1.00000,1,1,1
0,map,96,50,3.3250,-0.0250,0.00000,0.00000,0.00000,0.00000,0.00000,1.00000,nan,1.00000,1.00000,1,1,1
0,map,97,50,3.2750,-0.0250,0.00000,0.00000,0.00000,0.00000,0.00000,1.00000,nan,1.00000,1.00000,1,1,1
0,map,98,50,3.2250,-0.0250,0.00000,0.00000,0.00000,0.00000,0.00000,1.00000,nan,1.00000,1.00000,1,1,1
0,map,99,50,3.1750,-0.0250,0.00000,0.00000,0.00000,0.00000,0.00000,1.00000,nan,1.00000,1.00000,1,1,1
0,map,100,50,3.1250,-0.0250,0.00000,0.00000,0.00000,0.00000,0.00000,1.00000,nan,1.00000,1.00000,1,1,1
0,map,101,50,3.0750,-0.0250,0.00000,0.00000,0.00000,0.00000,0.00000,1.00000,nan,1.00000,1.00000,1,1,1
0,map,102,50,3.0250,-0.0250,0.00000,0.00000,0.00000,0.00000,0.00000,1.00000,nan,1.00000,1.00000,1,1,1
0,map,103,50,2.9750,-0.0250,0.00000,0.00000,0.00000,0.00000,0.00000,1.00000,nan,1.00000,1.00000,1,1,1
0,map,104,50,2.9250,-0.0250,0.00000,0.00000,0.00000,0.00000,0.00000,1.00000,nan,1.00000,1.00000,1,1,1
0,map,105,50,2.8750,-0.0250,0.00000,0.00000,0.00000,0.00000,0.00000,1.00000,nan,1.00000,1.00000,1,1,1
0,map,106,50,2.8250,-0.0250,0.00000,0.00000,0.00000,0.00000,0.00000,1.00000,nan,1.00000,1.00000,1,1,1
0,map,107,50,2.7750,-0.0250,0.00000,0.00000,0.00000,0.00000,0.00000,1.00000,nan,1.00000,1.00000,1,1,1
0,map,108,50,2.7250,-0.0250,0.00000,0.00000,0.00000,0.00000,0.00000,1.00000,nan,1.00000,1.00000,1,1,1
0,map,109,50,2.6750,-0.0250,0.00000,0.00000,0.00000,0.00000,0.00000,1.00000,nan,1.00000,1.00000,1,1,1
0,map,110,50,2.6250,-0.0250,0.00000,0.00000,0.00000,0.00000,0.00000,1.00000,nan,1.00000,1.00000,1,1,1
0,map,111,50,2.5750,-0.0250,0.00000,0.00000,0.00000,0.00000,0.00000,1.00000,nan,1.00000,1.00000,1,1,1
0,map,112,50,2.5250,-0.0250,0.00000,0.00000,0.00000,0.00000,0.00000,1.00000,nan,1.00000,1.00000,1,1,1
0,map,113,50,2.4750,-0.0250,0.00000,0.00000,0.00000,0.00000,0.00000,1.00000,nan,1.00000,1.00000,1,1,1
0,map,114,50,2.4250,-0.0250,0.00000,0.00000,0.00000,0.00000,0.00000,1.00000,nan,1.00000,1.00000,1,1,1
0,map,115,50,2.3750,-0.0250,0.00000,0.00000,0.00000,0.00000,0.00000,1.00000,nan,1.00000,1.00000,1,1,1
0,map,116,50,2.3250,-0.0250,0.00000,0.00000,0.00000,0.00000,0.00000,1.00000,nan,1.00000,1.00000,1,1,1
0,map,117,50,2.2750,-0.0250,0.00000,0.00000,0.00000,0.00000,0.00000,1.00000,nan,1.00000,1.00000,1,1,1
0,map,118,50,2.2250,-0.0250,0.00000,0.00000,0.00000,0.00000,0.00000,1.00000,nan,1.00000,1.00000,1,1,1
0,map,119,50,2.1750,-0.0250,nan,0.00000,0.00000,0.00000,0.00000,nan,nan,1.00000,1.00000,0,1,1
0,map,120,50,2.1250,-0.0250,nan,0.00000,0.00000,0.00000,0.00000,nan,nan,nan,nan,0,1,0
0,map,121,50,2.0750,-0.0250,nan,0.00000,0.00000,0.00000,0.00000,nan,nan,nan,nan,0,1,0
0,map,122,50,2.0250,-0.0250,nan,0.00000,0.00000,0.00000,0.00000,nan,nan,nan,nan,0,1,0
0,map,123,50,1.9750,-0.0250,nan,0.00000,0.00000,0.00000,0.00000,nan,nan,1.00000,1.00000,0,1,1
0,map,124,50,1.9250,-0.0250,0.00000,0.00000,0.00000,0.00000,0.00000,1.00000,nan,1.00000,1.00000,1,1,1
0,map,125,50,1.8750,-0.0250,0.00000,0.00000,0.00000,0.00000,0.00000,1.00000,nan,1.00000,1.00000,1,1,1
0,map,126,50,1.8250,-0.0250,0.00000,0.00000,0.00000,0.00000,0.00000,1.00000,nan,1.00000,1.00000,1,1,1
0,map,127,50,1.7750,-0.0250,0.00000,0.00000,0.00000,0.00000,0.00000,1.00000,nan,1.00000,1.00000,1,1,1
0,map,128,50,1.7250,-0.0250,0.00000,0.00000,0.00000,0.00000,0.00000,1.00000,nan,1.00000,1.00000,1,1,1
0,map,129,50,1.6750,-0.0250,0.00000,0.00000,0.00000,0.00000,0.00000,1.00000,nan,1.00000,1.00000,1,1,1
0,map,130,50,1.6250,-0.0250,0.00000,0.00000,0.00000,0.00000,0.00000,1.00000,nan,1.00000,1.00000,1,1,1
0,map,131,50,1.5750,-0.0250,0.00000,0.00000,0.00000,0.00000,0.00000,1.00000,nan,1.00000,1.00000,1,1,1
0,map,132,50,1.5250,-0.0250,0.00000,0.00000,0.00000,0.00000,0.00000,1.00000,nan,1.00000,1.00000,1,1,1
0,map,133,50,1.4750,-0.0250,0.00000,0.00000,0.00000,0.00000,0.00000,1.00000,nan,1.00000,1.00000,1,1,1
0,map,134,50,1.4250,-0.0250,0.00000,0.00000,0.00000,0.00000,0.00000,1.00000,nan,1.00000,1.00000,1,1,1
0,map,135,50,1.3750,-0.0250,0.00000,0.00000,0.00000,0.00000,0.00000,1.00000,nan,1.00000,1.00000,1,1,1
0,map,136,50,1.3250,-0.0250,0.00000,0.00000,0.00000,0.00000,0.00000,1.00000,nan,1.00000,1.00000,1,1,1
0,map,137,50,1.2750,-0.0250,0.00000,0.00000,0.00000,0.00000,0.00000,1.00000,nan,1.00000,1.00000,1,1,1
0,map,138,50,1.2250,-0.0250,0.00000,0.00000,0.00000,0.00000,0.00000,1.00000,nan,1.00000,1.00000,1,1,1
0,map,139,50,1.1750,-0.0250,0.00000,0.00000,0.00000,0.00000,0.00000,1.00000,nan,1.00000,1.00000,1,1,1
0,map,140,50,1.1250,-0.0250,0.00000,0.00000,0.00000,0.00000,0.00000,1.00000,nan,1.00000,1.00000,1,1,1
0,map,141,50,1.0750,-0.0250,0.00000,0.00000,0.00000,0.00000,0.00000,1.00000,nan,1.00000,1.00000,1,1,1
0,map,142,50,1.0250,-0.0250,0.00000,0.00000,0.00000,0.00000,0.00000,1.00000,nan,1.00000,1.00000,1,1,1
0,map,143,50,0.9750,-0.0250,0.00000,0.00000,0.00000,0.00000,0.00000,1.00000,nan,1.00000,1.00000,1,1,1
0,map,144,50,0.9250,-0.0250,0.00000,0.00000,0.00000,0.00000,0.00000,1.00000,nan,1.00000,1.00000,1,1,1
0,map,145,50,0.8750,-0.0250,0.00000,0.00000,0.00000,0.00000,0.00000,1.00000,nan,1.00000,1.00000,1,1,1
0,map,146,50,0.8250,-0.0250,0.00000,0.00000,0.00000,0.00000,0.00000,1.00000,nan,1.00000,1.00000,1,1,1
0,map,147,50,0.7750,-0.0250,0.00000,0.00000,0.00000,0.00000,0.00000,1.00000,nan,1.00000,1.00000,1,1,1
0,map,148,50,0.7250,-0.0250,0.00000,0.00000,0.00000,0.00000,0.00000,1.00000,nan,1.00000,1.00000,1,1,1
0,map,149,50,0.6750,-0.0250,0.00000,0.00000,0.00000,0.00000,0.00000,1.00000,nan,1.00000,1.00000,1,1,1
0,map,150,50,0.6250,-0.0250,0.00000,0.00000,0.00000,0.00000,0.00000,1.00000,nan,1.00000,1.00000,1,1,1
0,map,151,50,0.5750,-0.0250,0.00000,0.00000,0.00000,0.00000,0.00000,1.00000,nan,1.00000,1.00000,1,1,1
0,map,152,50,0.5250,-0.0250,0.00000,0.00000,0.00000,0.00000,0.00000,1.00000,nan,1.00000,1.00000,1,1,1
0,map,153,50,0.4750,-0.0250,0.00000,0.00000,0.00000,0.00000,0.00000,1.00000,nan,1.00000,1.00000,1,1,1
0,map,154,50,0.4250,-0.0250,0.00000,0.00000,0.00000,0.00000,0.00000,1.00000,nan,1.00000,1.00000,1,1,1
0,map,155,50,0.3750,-0.0250,0.00000,0.00000,0.00000,0.00000,0.00000,1.00000,nan,1.00000,1.00000,1,1,1
0,map,156,50,0.3250,-0.0250,0.00000,0.00000,0.00000,0.00000,0.00000,1.00000,nan,1.00000,1.00000,1,1,1
0,map,157,50,0.2750,-0.0250,0.00000,0.00000,0.00000,0.00000,0.00000,1.00000,nan,1.00000,1.00000,1,1,1
0,map,158,50,0.2250,-0.0250,0.00000,0.00000,0.00000,0.00000,0.00000,1.00000,nan,1.00000,1.00000,1,1,1
0,map,159,50,0.1750,-0.0250,0.00000,0.00000,0.00000,0.00000,0.00000,1.00000,nan,1.00000,1.00000,1,1,1
0,map,160,50,0.1250,-0.0250,0.00000,0.00000,0.00000,0.00000,0.00000,1.00000,nan,1.00000,1.00000,1,1,1
0,map,161,50,0.0750,-0.0250,0.00000,0.00000,0.00000,0.00000,0.00000,1.00000,nan,1.00000,1.00000,1,1,1
0,map,162,50,0.0250,-0.0250,0.00000,0.00000,0.00000,0.00000,0.00000,1.00000,nan,1.00000,1.00000,1,1,1
0,map,163,50,-0.0250,-0.0250,0.00000,0.00000,0.00000,0.00000,0.00000,1.00000,nan,1.00000,1.00000,1,1,1
0,map,164,50,-0.0750,-0.0250,0.00000,0.00000,0.00000,0.00000,0.00000,1.00000,nan,1.00000,1.00000,1,1,1
0,map,165,50,-0.1250,-0.0250,0.00000,0.00000,0.00000,0.00000,0.00000,1.00000,nan,1.00000,1.00000,1,1,1
0,map,166,50,-0.1750,-0.0250,0.00000,0.00000,0.00000,0.00000,0.00000,1.00000,nan,1.00000,1.00000,1,1,1
0,map,167,50,-0.2250,-0.0250,0.00000,0.00000,0.00000,0.00000,0.00000,1.00000,nan,1.00000,1.00000,1,1,1
0,map,168,50,-0.2750,-0.0250,0.00000,0.00000,0.00000,0.00000,0.00000,1.00000,nan,1.00000,1.00000,1,1,1
0,map,169,50,-0.3250,-0.0250,0.00000,0.00000,0.00000,0.00000,0.00000,1.00000,nan,1.00000,1.00000,1,1,1
0,map,170,50,-0.3750,-0.0250,0.00000,0.00000,0.00000,0.00000,0.00000,1.00000,nan,1.00000,1.00000,1,1,1
0,map,171,50,-0.4250,-0.0250,0.00000,0.00000,0.00000,0.00000,0.00000,1.00000,nan,1.00000,1.00000,1,1,1
0,map,172,50,-0.4750,-0.0250,0.00000,0.00000,0.00000,0.00000,0.00000,1.00000,nan,1.00000,1.00000,1,1,1
0,map,173,50,-0.5250,-0.0250,0.00000,0.00000,0.00000,0.00000,0.00000,1.00000,nan,1.00000,1.00000,1,1,1
0,map,174,50,-0.5750,-0.0250,0.00000,0.00000,0.00000,0.00000,0.00000,1.00000,nan,1.00000,1.00000,1,1,1
0,map,175,50,-0.6250,-0.0250,0.00000,0.00000,0.00000,0.00000,0.00000,1.00000,nan,1.00000,1.00000,1,1,1
0,map,176,50,-0.6750,-0.0250,0.00000,0.00000,0.00000,0.00000,0.00000,1.00000,nan,1.00000,1.00000,1,1,1
0,map,177,50,-0.7250,-0.0250,0.00000,0.00000,0.00000,0.00000,0.00000,1.00000,nan,1.00000,1.00000,1,1,1
0,map,178,50,-0.7750,-0.0250,0.00000,0.00000,0.00000,0.00000,0.00000,1.00000,nan,1.00000,1.00000,1,1,1
0,map,179,50,-0.8250,-0.0250,0.00000,0.00000,0.00000,0.00000,0.00000,1.00000,nan,1.00000,1.00000,1,1,1
0,map,180,50,-0.8750,-0.0250,0.00000,0.00000,0.00000,0.00000,0.00000,1.00000,nan,1.00000,1.00000,1,1,1
0,map,181,50,-0.9250,-0.0250,0.00000,0.00000,0.00000,0.00000,0.00000,1.00000,nan,1.00000,1.00000,1,1,1
0,map,182,50,-0.9750,-0.0250,0.00000,0.00000,0.00000,0.00000,0.00000,1.00000,nan,1.00000,1.00000,1,1,1
0,map,183,50,-1.0250,-0.0250,0.00000,0.00000,0.00000,0.00000,0.00000,1.00000,nan,1.00000,1.00000,1,1,1
0,map,184,50,-1.0750,-0.0250,0.00000,0.00000,0.00000,0.00000,0.00000,1.00000,nan,1.00000,1.00000,1,1,1
0,map,185,50,-1.1250,-0.0250,0.00000,0.00000,0.00000,0.00000,0.00000,1.00000,nan,1.00000,1.00000,1,1,1
0,map,186,50,-1.1750,-0.0250,0.00000,0.00000,0.00000,0.00000,0.00000,1.00000,nan,1.00000,1.00000,1,1,1
0,map,187,50,-1.2250,-0.0250,0.00000,0.00000,0.00000,0.00000,0.00000,1.00000,nan,1.00000,1.00000,1,1,1
0,map,188,50,-1.2750,-0.0250,0.00000,0.00000,0.00000,0.00000,0.00000,1.00000,nan,1.00000,1.00000,1,1,1
0,map,189,50,-1.3250,-0.0250,0.00000,0.00000,0.00000,0.00000,0.00000,1.00000,nan,1.00000,1.00000,1,1,1
0,map,190,50,-1.3750,-0.0250,0.00000,0.00000,0.00000,0.00000,0.00000,1.00000,nan,1.00000,1.00000,1,1,1
0,map,191,50,-1.4250,-0.0250,0.00000,0.00000,0.00000,0.00000,0.00000,1.00000,nan,1.00000,1.00000,1,1,1
0,map,192,50,-1.4750,-0.0250,0.00000,0.00000,0.00000,0.00000,0.00000,1.00000,nan,1.00000,1.00000,1,1,1
0,map,193,50,-1.5250,-0.0250,0.00000,0.00000,0.00000,0.00000,0.00000,1.00000,nan,1.00000,1.00000,1,1,1
0,map,194,50,-1.5750,-0.0250,0.00000,0.00000,0.00000,0.00000,0.00000,1.00000,nan,1.00000,1.00000,1,1,1
0,map,195,50,-1.6250,-0.0250,0.00000,0.00000,0.00000,0.00000,0.00000,1.00000,nan,1.00000,1.00000,1,1,1
0,map,196,50,-1.6750,-0.0250,0.00000,0.00000,0.00000,0.00000,0.00000,1.00000,nan,1.00000,1.00000,1,1,1
0,map,197,50,-1.7250,-0.0250,0.00000,0.00000,0.00000,0.00000,0.00000,1.00000,nan,1.00000,1.00000,1,1,1
0,map,198,50,-1.7750,-0.0250,0.00000,0.00000,0.00000,0.00000,0.00000,1.00000,nan,1.00000,1.00000,1,1,1
0,map,199,50,-1.8250,-0.0250,0.00000,0.00000,0.00000,0.00000,0.00000,1.00000,nan,1.00000,1.00000,1,1,1
0,map,200,50,-1.8750,-0.0250,0.00000,0.00000,0.00000,0.00000,0.00000,1.00000,nan,1.00000,1.00000,1,1,1
0,map,201,50,-1.9250,-0.0250,0.00000,0.00000,0.00000,0.00000,0.00000,1.00000,nan,1.00000,1.00000,1,1,1
0,map,202,50,-1.9750,-0.0250,0.00000,0.00000,0.00000,0.00000,0.00000,1.00000,nan,1.00000,1.00000,1,1,1
0,map,203,50,-2.0250,-0.0250,0.00000,0.00000,0.00000,0.00000,0.00000,1.00000,nan,1.00000,1.00000,1,1,1
0,map,204,50,-2.0750,-0.0250,0.00000,0.00000,0.00000,0.00000,0.00000,1.00000,nan,1.00000,1.00000,1,1,1
0,map,205,50,-2.1250,-0.0250,0.00000,0.00000,0.00000,0.00000,0.00000,1.00000,nan,1.00000,1.00000,1,1,1
0,map,206,50,-2.1750,-0.0250,0.00000,0.00000,0.00000,0.00000,0.00000,1.00000,nan,1.00000,1.00000,1,1,1
0,map,207,50,-2.2250,-0.0250,0.00000,0.00000,0.00000,0.00000,0.00000,1.00000,nan,1.00000,1.00000,1,1,1
0,map,208,50,-2.2750,-0.0250,0.00000,0.00000,0.00000,0.00000,0.00000,1.00000,nan,1.00000,1.00000,1,1,1
0,map,209,50,-2.3250,-0.0250,0.00000,0.00000,0.00000,0.00000,0.00000,1.00000,nan,1.00000,1.00000,1,1,1
0,map,210,50,-2.3750,-0.0250,0.00000,0.00000,0.00000,0.00000,0.00000,1.00000,nan,1.00000,1.00000,1,1,1
0,map,211,50,-2.4250,-0.0250,0.00000,0.00000,0.00000,0.00000,0.00000,1.00000,nan,1.00000,1.00000,1,1,1
0,map,212,50,-2.4750,-0.0250,0.00000,0.00000,0.00000,0.00000,0.00000,1.00000,nan,1.00000,1.00000,1,1,1
0,map,213,50,-2.5250,-0.0250,0.00000,0.00000,0.00000,0.00000,0.00000,1.00000,nan,1.00000,1.00000,1,1,1
0,map,214,50,-2.5750,-0.0250,0.00000,0.00000,0.00000,0.00000,0.00000,1.00000,nan,1.00000,1.00000,1,1,1
0,map,215,50,-2.6250,-0.0250,0.00000,0.00000,0.00000,0.00000,0.00000,1.00000,nan,1.00000,1.00000,1,1,1
0,map,216,50,-2.6750,-0.0250,0.00000,0.00000,0.00000,0.00000,0.00000,1.00000,nan,1.00000,1.00000,1,1,1
0,map,217,50,-2.7250,-0.0250,0.00000,0.00000,0.00000,0.00000,0.00000,1.00000,nan,1.00000,1.00000,1,1,1
0,map,218,50,-2.7750,-0.0250,0.00000,0.00000,0.00000,0.00000,0.00000,1.00000,nan,1.00000,1.00000,1,1,1
0,map,219,50,-2.8250,-0.0250,0.00000,0.00000,0.00000,0.00000,0.00000,1.00000,nan,1.00000,1.00000,1,1,1
0,map,220,50,-2.8750,-0.0250,0.00000,0.00000,0.00000,0.00000,0.00000,1.00000,nan,1.00000,1.00000,1,1,1
0,map,221,50,-2.9250,-0.0250,0.00000,0.00000,0.00000,0.00000,0.00000,1.00000,nan,1.00000,1.00000,1,1,1
0,map,222,50,-2.9750,-0.0250,0.00000,0.00000,0.00000,0.00000,0.00000,1.00000,nan,1.00000,1.00000,1,1,1
