name,difficulty,gait,seed,simulated_duration_s,gif_playback_duration_s,gif_frame_count,net_distance_m,path_distance_m,fallen,fall_time_s,height_error_rmse_m,maximum_abs_roll_pitch_rad,planar_velocity_rmse_mps,maximum_abs_torque_nm,torque_saturation_fraction,maximum_dynamics_residual,contact_agreement,passed,failure_reasons,gif_path
E01_stance_baseline,easy,stance,101,19.999999999999794,20.0,200,0.01743822229639406,0.017447537552801425,False,,0.0016604996365176426,0.002862855176606852,0.001764710624774829,4.982439540499321,0.0,0.0008535627134837856,0.9995,True,,gifs/E01_stance_baseline.gif
E02_stance_low,easy,stance,102,19.999999999999794,20.0,200,0.048599713009487275,0.048613029568874894,False,,0.0044072175738057795,0.00700059779187356,0.005092045011636774,6.4571158511175994,0.0,0.001525165385122722,0.9995,True,,gifs/E02_stance_low.gif
E03_stance_high,easy,stance,103,19.999999999999794,20.0,200,0.010982116078133751,0.010985900508475862,False,,0.0013655995628473342,0.002435957813947555,0.0012229042039480463,4.648691506149599,0.0,0.0005542983441321338,0.9995,True,,gifs/E03_stance_high.gif
E04_walk_005,easy,static_walk,104,19.999999999999794,20.0,200,1.0997439110073395,2.6412535913253423,False,,0.010654788164338616,0.3998298685025124,0.18241006882747893,33.5,0.10108333333333333,105.84870003431239,0.667625,False,torque saturation fraction exceeds threshold; dynamics residual exceeds threshold,gifs/E04_walk_005.gif
E05_walk_008,easy,static_walk,105,19.999999999999794,20.0,200,1.289448458677376,5.737362979082218,True,1.5300000000000011,0.12154456143660979,3.1407708075146075,0.3718906607151963,33.5,0.09520833333333334,564.9094486999244,0.546125,False,fall detected; base height below threshold; height RMSE exceeds threshold; roll/pitch exceeds threshold; planar velocity RMSE exceeds threshold; yaw-rate RMSE exceeds threshold; dynamics residual exceeds threshold; contact agreement below threshold,gifs/E05_walk_008.gif
E06_walk_lateral,easy,static_walk,106,19.999999999999794,20.0,200,2.8633616330099105,6.874655950839751,True,1.2500000000000009,0.13787075280671723,3.1414191593370853,0.4164554062529558,33.5,0.14395833333333333,453.3832570391528,0.51275,False,fall detected; base height below threshold; height RMSE exceeds threshold; roll/pitch exceeds threshold; planar velocity RMSE exceeds threshold; yaw-rate RMSE exceeds threshold; torque saturation fraction exceeds threshold; dynamics residual exceeds threshold; contact agreement below threshold,gifs/E06_walk_lateral.gif
E07_stance_payload,easy,stance,107,19.999999999999794,20.0,200,0.017037434457465105,0.01704711598865049,False,,0.00160991094060624,0.0032152641229899886,0.0017173811640065506,5.366697935719582,0.0,0.0009229607494684935,0.9995,True,,gifs/E07_stance_payload.gif
E08_stance_gentle_push,easy,stance,108,19.999999999999794,20.0,200,0.020385040513826048,0.03905230274024858,False,,0.001661668076398564,0.03954767426152239,0.007711112329553269,7.023597970140566,0.0,0.006407661206048728,0.9995,True,,gifs/E08_stance_gentle_push.gif
E09_walk_turn,easy,static_walk,109,19.999999999999794,20.0,200,1.5648898787614065,2.2700090002231654,False,,0.01150455680668183,0.3058037274223074,0.11416721845910557,33.5,0.07395833333333333,63.67244120452077,0.676875,False,dynamics residual exceeds threshold,gifs/E09_walk_turn.gif
E10_walk_012,easy,static_walk,110,19.999999999999794,20.0,200,1.8160992591638472,3.5850419945353025,True,12.79000000000094,0.10595787621087747,3.140278099134069,0.21219746953906735,33.5,0.09979166666666667,314.26613053116586,0.596375,False,fall detected; base height below threshold; height RMSE exceeds threshold; roll/pitch exceeds threshold; yaw-rate RMSE exceeds threshold; dynamics residual exceeds threshold,gifs/E10_walk_012.gif
H01_walk_025,hard,static_walk,301,19.999999999999794,20.0,200,2.396933092860941,5.294973279063449,True,2.909999999999901,0.14527784751685704,3.1406617267980166,0.33356145621728023,33.5,0.12591666666666668,399.83136865407545,0.517875,False,fall detected; base height below threshold; height RMSE exceeds threshold; roll/pitch exceeds threshold; yaw-rate RMSE exceeds threshold; torque saturation fraction exceeds threshold; dynamics residual exceeds threshold; contact agreement below threshold,gifs/H01_walk_025.gif
H02_walk_strafe,hard,static_walk,302,19.999999999999794,20.0,200,1.0229288989700471,4.711834075587209,True,1.8600000000000014,0.15824148661301385,3.1413120758380804,0.3907768413081569,33.5,0.12404166666666666,384.0721191912434,0.515125,False,fall detected; base height below threshold; height RMSE exceeds threshold; roll/pitch exceeds threshold; planar velocity RMSE exceeds threshold; yaw-rate RMSE exceeds threshold; torque saturation fraction exceeds threshold; dynamics residual exceeds threshold; contact agreement below threshold,gifs/H02_walk_strafe.gif
H03_walk_fast_turn,hard,static_walk,303,19.999999999999794,20.0,200,1.2808918367152222,6.253799478013243,True,1.0700000000000007,0.14938030437329117,3.1410847287559314,0.42242062097155203,33.5,0.143125,390.6307823506182,0.486875,False,fall detected; base height below threshold; height RMSE exceeds threshold; roll/pitch exceeds threshold; planar velocity RMSE exceeds threshold; yaw-rate RMSE exceeds threshold; torque saturation fraction exceeds threshold; dynamics residual exceeds threshold; contact agreement below threshold,gifs/H03_walk_fast_turn.gif
H04_trot_fast,hard,trot,304,19.999999999999794,20.0,200,1.3997796016166717,5.89542027713487,True,1.8000000000000014,0.171331298402975,3.14145961414614,0.41039004812893026,33.5,0.12525,455.0744788205577,0.605,False,fall detected; base height below threshold; height RMSE exceeds threshold; roll/pitch exceeds threshold; planar velocity RMSE exceeds threshold; yaw-rate RMSE exceeds threshold; torque saturation fraction exceeds threshold; dynamics residual exceeds threshold,gifs/H04_trot_fast.gif
H05_flying_trot,hard,flying_trot,305,19.999999999999794,20.0,200,1.3803809177774782,3.2998388654451714,True,2.6799999999999264,0.16524885392241068,3.141487517583828,0.22250187942904637,33.5,0.17183333333333334,698.1797655241074,0.6845,False,fall detected; base height below threshold; height RMSE exceeds threshold; roll/pitch exceeds threshold; yaw-rate RMSE exceeds threshold; torque saturation fraction exceeds threshold; dynamics residual exceeds threshold,gifs/H05_flying_trot.gif
H06_pace,hard,pace,306,19.999999999999794,20.0,200,0.28398325696242166,2.4364333177987048,True,0.5700000000000004,0.21430880490971746,3.141402371155094,0.2268316828843124,33.5,0.07679166666666666,733.932262022284,0.530875,False,fall detected; base height below threshold; height RMSE exceeds threshold; roll/pitch exceeds threshold; yaw-rate RMSE exceeds threshold; dynamics residual exceeds threshold; contact agreement below threshold,gifs/H06_pace.gif
H07_low_friction,hard,static_walk,307,19.999999999999794,20.0,200,0.19147883545549757,2.727240937070329,False,,0.01459646095939655,0.39305128106369047,0.2224189976461718,33.5,0.11575,85.39145587389389,0.642125,False,torque saturation fraction exceeds threshold; dynamics residual exceeds threshold,gifs/H07_low_friction.gif
H08_heavy_payload,hard,static_walk,308,19.999999999999794,20.0,200,1.6721397357186558,6.863359758929966,True,0.9700000000000008,0.1455564225208674,3.1405510405966908,0.4371338862336059,33.5,0.10191666666666667,628.3146274641014,0.571,False,fall detected; base height below threshold; height RMSE exceeds threshold; roll/pitch exceeds threshold; planar velocity RMSE exceeds threshold; yaw-rate RMSE exceeds threshold; torque saturation fraction exceeds threshold; dynamics residual exceeds threshold,gifs/H08_heavy_payload.gif
H09_strong_push,hard,static_walk,309,19.999999999999794,20.0,200,2.6869136421730753,4.504374493079288,True,8.589999999999538,0.1288644491204603,3.1415501019600915,0.2715786217460609,33.5,0.14941666666666667,315.04053987981973,0.56825,False,fall detected; base height below threshold; height RMSE exceeds threshold; roll/pitch exceeds threshold; yaw-rate RMSE exceeds threshold; torque saturation fraction exceeds threshold; dynamics residual exceeds threshold,gifs/H09_strong_push.gif
H10_compound,hard,static_walk,310,19.999999999999794,20.0,200,3.086382605677461,5.245437360040863,True,0.8500000000000006,0.16335279184386825,3.1415689761072225,0.36533205966368265,33.5,0.11208333333333333,634.1307628035911,0.5105,False,fall detected; base height below threshold; height RMSE exceeds threshold; roll/pitch exceeds threshold; planar velocity RMSE exceeds threshold; yaw-rate RMSE exceeds threshold; torque saturation fraction exceeds threshold; dynamics residual exceeds threshold; contact agreement below threshold,gifs/H10_compound.gif
N01_walk_016,normal,static_walk,201,19.999999999999794,20.0,200,1.7821532656857808,4.211342664334565,True,15.010000000001682,0.08754422083103747,3.1401465747206707,0.2771574837585069,33.5,0.12304166666666666,356.7151690013418,0.59975,False,fall detected; base height below threshold; roll/pitch exceeds threshold; yaw-rate RMSE exceeds threshold; torque saturation fraction exceeds threshold; dynamics residual exceeds threshold,gifs/N01_walk_016.gif
N02_walk_diagonal,normal,static_walk,202,19.999999999999794,20.0,200,1.3512794898966436,2.054023242210441,False,,0.012729204546759744,0.29585865161037506,0.1506677544257583,33.5,0.08316666666666667,69.4011480886686,0.676125,False,dynamics residual exceeds threshold,gifs/N02_walk_diagonal.gif
N03_walk_turn,normal,static_walk,203,19.999999999999794,20.0,200,2.068185153715904,6.791938142639316,True,1.1900000000000008,0.1470647629883524,3.1378258296213546,0.4317070555181858,33.5,0.10695833333333334,414.11243440026954,0.53975,False,fall detected; base height below threshold; height RMSE exceeds threshold; roll/pitch exceeds threshold; planar velocity RMSE exceeds threshold; yaw-rate RMSE exceeds threshold; torque saturation fraction exceeds threshold; dynamics residual exceeds threshold; contact agreement below threshold,gifs/N03_walk_turn.gif
N04_dynamic_walk,normal,dynamic_walk,204,19.999999999999794,20.0,200,0.934722000140276,2.319657315951079,False,,0.014710173870081987,0.3567112880939239,0.19282576855421213,33.5,0.09658333333333333,183.7011403945314,0.634625,False,yaw-rate RMSE exceeds threshold; dynamics residual exceeds threshold,gifs/N04_dynamic_walk.gif
N05_standing_trot,normal,standing_trot,205,19.999999999999794,20.0,200,2.9298824585799546,7.3244731242085255,True,1.1900000000000008,0.134988601106288,3.141540596570077,0.43791860040041714,33.5,0.117,459.96513012736824,0.6115,False,fall detected; base height below threshold; height RMSE exceeds threshold; roll/pitch exceeds threshold; planar velocity RMSE exceeds threshold; yaw-rate RMSE exceeds threshold; torque saturation fraction exceeds threshold; dynamics residual exceeds threshold,gifs/N05_standing_trot.gif
N06_trot,normal,trot,206,19.999999999999794,20.0,200,0.14744727101680663,4.732383422190708,True,4.4899999999997275,0.16275240528846877,3.133927211457651,0.29549737806572957,33.5,0.10079166666666667,426.4143977801905,0.520625,False,fall detected; base height below threshold; height RMSE exceeds threshold; roll/pitch exceeds threshold; yaw-rate RMSE exceeds threshold; torque saturation fraction exceeds threshold; dynamics residual exceeds threshold; contact agreement below threshold,gifs/N06_trot.gif
N07_walk_payload,normal,static_walk,207,19.999999999999794,20.0,200,1.2707008178170718,6.793254294924835,True,1.1800000000000008,0.13283246829050155,3.131710344680924,0.44579385442021097,33.5,0.11004166666666666,476.674241615212,0.578875,False,fall detected; base height below threshold; height RMSE exceeds threshold; roll/pitch exceeds threshold; planar velocity RMSE exceeds threshold; yaw-rate RMSE exceeds threshold; torque saturation fraction exceeds threshold; dynamics residual exceeds threshold,gifs/N07_walk_payload.gif
N08_walk_push,normal,static_walk,208,19.999999999999794,20.0,200,3.396349315087727,6.530268277524069,True,1.400000000000001,0.15880109680780194,3.1413446038911452,0.40184971653799023,33.5,0.12654166666666666,422.36280162277325,0.53625,False,fall detected; base height below threshold; height RMSE exceeds threshold; roll/pitch exceeds threshold; planar velocity RMSE exceeds threshold; yaw-rate RMSE exceeds threshold; torque saturation fraction exceeds threshold; dynamics residual exceeds threshold; contact agreement below threshold,gifs/N08_walk_push.gif
N09_walk_mu045,normal,static_walk,209,19.999999999999794,20.0,200,1.402521166020645,5.224961453947289,True,3.699999999999814,0.11906752428921895,3.1392137860014953,0.3124888516299376,33.5,0.09675,422.163930228149,0.561125,False,fall detected; base height below threshold; height RMSE exceeds threshold; roll/pitch exceeds threshold; yaw-rate RMSE exceeds threshold; dynamics residual exceeds threshold,gifs/N09_walk_mu045.gif
N10_walk_low_turn_push,normal,static_walk,210,19.999999999999794,20.0,200,0.44078701796903175,8.011917313843243,True,1.1100000000000008,0.13482379070437103,3.141165381615522,0.4784912244370236,33.5,0.11733333333333333,400.41535321708085,0.509375,False,fall detected; base height below threshold; height RMSE exceeds threshold; roll/pitch exceeds threshold; planar velocity RMSE exceeds threshold; yaw-rate RMSE exceeds threshold; torque saturation fraction exceeds threshold; dynamics residual exceeds threshold; contact agreement below threshold,gifs/N10_walk_low_turn_push.gif
