time,current_plan_index,verdict,blocked_step_k,blocked_leg,n_placed,max_feasible_progress_m,plan_distance_m,compute_time_us
0.0000,0,FEASIBLE_TO_RANGE,-1,-,32,-0.1232,2.50,527
0.0000,0,FEASIBLE_TO_RANGE,-1,-,32,-0.1232,2.50,584
0.0000,0,FEASIBLE_TO_RANGE,-1,-,32,-0.1232,2.50,541
0.0000,0,FEASIBLE_TO_RANGE,-1,-,32,-0.1232,2.50,969
0.0000,0,FEASIBLE_TO_RANGE,-1,-,32,-0.1232,2.50,940
0.0000,0,FEASIBLE_TO_RANGE,-1,-,32,-0.1232,2.50,592
0.0000,0,FEASIBLE_TO_RANGE,-1,-,32,-0.1232,2.50,1097
0.0000,0,FEASIBLE_TO_RANGE,-1,-,32,-0.1232,2.50,572
0.0000,0,FEASIBLE_TO_RANGE,-1,-,32,-0.1232,2.50,560
0.0000,0,FEASIBLE_TO_RANGE,-1,-,32,-0.1232,2.50,538
0.0000,0,FEASIBLE_TO_RANGE,-1,-,32,-0.1232,2.50,576
0.0000,0,FEASIBLE_TO_RANGE,-1,-,32,-0.1232,2.50,545
0.0000,0,FEASIBLE_TO_RANGE,-1,-,32,-0.1232,2.50,562
0.0000,0,FEASIBLE_TO_RANGE,-1,-,32,-0.1231,2.50,548
0.0000,0,FEASIBLE_TO_RANGE,-1,-,32,-0.1231,2.50,525
0.0000,0,FEASIBLE_TO_RANGE,-1,-,32,-0.1231,2.50,982
0.0000,0,FEASIBLE_TO_RANGE,-1,-,32,-0.1231,2.50,527
0.0000,0,FEASIBLE_TO_RANGE,-1,-,32,-0.1231,2.50,590
0.0000,0,FEASIBLE_TO_RANGE,-1,-,32,-0.1231,2.50,592
0.0000,0,FEASIBLE_TO_RANGE,-1,-,32,-0.1231,2.50,561
0.0000,0,FEASIBLE_TO_RANGE,-1,-,32,-0.1231,2.50,960
0.0000,0,FEASIBLE_TO_RANGE,-1,-,32,-0.1231,2.50,607
0.0000,0,FEASIBLE_TO_RANGE,-1,-,32,-0.1231,2.50,596
0.0000,0,FEASIBLE_TO_RANGE,-1,-,32,-0.1231,2.50,1008
0.0000,0,FEASIBLE_TO_RANGE,-1,-,32,-0.1231,2.50,645
0.0000,0,FEASIBLE_TO_RANGE,-1,-,32,-0.1231,2.50,606
0.0000,0,FEASIBLE_TO_RANGE,-1,-,32,-0.1231,2.50,603
0.0000,0,FEASIBLE_TO_RANGE,-1,-,32,-0.1231,2.50,752
0.0000,0,FEASIBLE_TO_RANGE,-1,-,32,-0.1231,2.50,553
0.0000,0,FEASIBLE_TO_RANGE,-1,-,32,-0.1231,2.50,616
0.0000,0,FEASIBLE_TO_RANGE,-1,-,32,-0.1231,2.50,570
0.0000,0,FEASIBLE_TO_RANGE,-1,-,32,-0.1231,2.50,667
0.0000,0,FEASIBLE_TO_RANGE,-1,-,32,-0.1231,2.50,984
0.0000,0,FEASIBLE_TO_RANGE,-1,-,32,-0.1230,2.50,1029
0.0000,0,FEASIBLE_TO_RANGE,-1,-,32,-0.1230,2.50,577
0.0000,0,FEASIBLE_TO_RANGE,-1,-,32,-0.1230,2.50,1086
0.0000,0,FEASIBLE_TO_RANGE,-1,-,32,-0.1230,2.50,555
0.0000,0,FEASIBLE_TO_RANGE,-1,-,32,-0.1230,2.50,972
0.0000,0,FEASIBLE_TO_RANGE,-1,-,32,-0.1230,2.50,630
0.0000,0,FEASIBLE_TO_RANGE,-1,-,32,-0.1230,2.50,558
0.0000,0,FEASIBLE_TO_RANGE,-1,-,32,-0.1230,2.50,548
0.0000,0,FEASIBLE_TO_RANGE,-1,-,32,-0.1230,2.50,602
0.0000,0,FEASIBLE_TO_RANGE,-1,-,32,-0.1230,2.50,772
15.5600,518,FEASIBLE_TO_RANGE,-1,-,32,-0.1230,2.50,711
15.6060,520,FEASIBLE_TO_RANGE,-1,-,32,-0.1224,2.50,574
15.6600,522,FEASIBLE_TO_RANGE,-1,-,32,-0.1202,2.50,1122
15.7140,523,FEASIBLE_TO_RANGE,-1,-,32,-0.1170,2.50,536
15.7580,525,FEASIBLE_TO_RANGE,-1,-,32,-0.1140,2.50,570
15.8060,526,FEASIBLE_TO_RANGE,-1,-,32,-0.1111,2.50,546
15.8600,528,FEASIBLE_TO_RANGE,-1,-,32,-0.1079,2.50,658
15.9120,530,FEASIBLE_TO_RANGE,-1,-,32,-0.1056,2.50,574
15.9620,532,FEASIBLE_TO_RANGE,-1,-,32,-0.1038,2.50,578
16.0100,533,FEASIBLE_TO_RANGE,-1,-,32,-0.1027,2.50,526
16.0560,535,FEASIBLE_TO_RANGE,-1,-,32,-0.1020,2.50,537
16.1040,536,FEASIBLE_TO_RANGE,-1,-,32,-0.1016,2.50,606
16.1520,538,FEASIBLE_TO_RANGE,-1,-,32,-0.1015,2.50,526
16.1980,539,FEASIBLE_TO_RANGE,-1,-,32,-0.1014,2.50,584
16.2480,541,FEASIBLE_TO_RANGE,-1,-,32,-0.1013,2.50,590
16.3040,543,FEASIBLE_TO_RANGE,-1,-,32,-0.1013,2.50,537
16.3500,545,FEASIBLE_TO_RANGE,-1,-,32,-0.1013,2.50,680
16.4040,546,FEASIBLE_TO_RANGE,-1,-,32,-0.1013,2.50,753
16.4520,548,FEASIBLE_TO_RANGE,-1,-,32,-0.1014,2.50,534
16.5000,550,FEASIBLE_TO_RANGE,-1,-,32,-0.1014,2.50,585
16.5540,551,FEASIBLE_TO_RANGE,-1,-,32,-0.1014,2.50,559
16.6020,553,FEASIBLE_TO_RANGE,-1,-,32,-0.1015,2.50,580
16.6500,555,FEASIBLE_TO_RANGE,-1,-,32,-0.1015,2.50,528
16.6960,556,FEASIBLE_TO_RANGE,-1,-,32,-0.1015,2.50,597
16.7480,558,FEASIBLE_TO_RANGE,-1,-,32,-0.1016,2.50,549
16.7960,559,FEASIBLE_TO_RANGE,-1,-,32,-0.1016,2.50,534
16.8420,561,FEASIBLE_TO_RANGE,-1,-,32,-0.1017,2.50,526
16.8880,562,FEASIBLE_TO_RANGE,-1,-,32,-0.1018,2.50,528
16.9340,564,FEASIBLE_TO_RANGE,-1,-,32,-0.1018,2.50,573
16.9840,566,FEASIBLE_TO_RANGE,-1,-,32,-0.1019,2.50,535
17.0420,568,FEASIBLE_TO_RANGE,-1,-,32,-0.1020,2.50,972
17.0940,569,FEASIBLE_TO_RANGE,-1,-,32,-0.1021,2.50,577
17.1500,571,FEASIBLE_TO_RANGE,-1,-,32,-0.1021,2.50,547
17.2000,573,FEASIBLE_TO_RANGE,-1,-,32,-0.1022,2.50,641
17.2500,575,FEASIBLE_TO_RANGE,-1,-,32,-0.1023,2.50,539
17.2980,576,FEASIBLE_TO_RANGE,-1,-,32,-0.1024,2.50,535
17.3440,578,FEASIBLE_TO_RANGE,-1,-,32,-0.1025,2.50,605
17.3960,579,FEASIBLE_TO_RANGE,-1,-,32,-0.1026,2.50,608
17.4460,581,FEASIBLE_TO_RANGE,-1,-,32,-0.1026,2.50,535
17.4920,583,FEASIBLE_TO_RANGE,-1,-,32,-0.1027,2.50,579
17.5400,584,FEASIBLE_TO_RANGE,-1,-,32,-0.1029,2.50,580
17.5880,586,FEASIBLE_TO_RANGE,-1,-,32,-0.1029,2.50,525
17.6340,587,FEASIBLE_TO_RANGE,-1,-,32,-0.1031,2.50,576
17.6820,589,FEASIBLE_TO_RANGE,-1,-,32,-0.1032,2.50,529
17.7320,591,FEASIBLE_TO_RANGE,-1,-,32,-0.1033,2.50,534
17.7800,592,FEASIBLE_TO_RANGE,-1,-,32,-0.1034,2.50,529
17.8320,594,FEASIBLE_TO_RANGE,-1,-,32,-0.1035,2.50,996
17.8840,596,FEASIBLE_TO_RANGE,-1,-,32,-0.1036,2.50,576
17.9320,597,FEASIBLE_TO_RANGE,-1,-,32,-0.1037,2.50,570
17.9820,599,FEASIBLE_TO_RANGE,-1,-,32,-0.1038,2.50,610
18.0420,601,FEASIBLE_TO_RANGE,-1,-,32,-0.1039,2.50,986
18.0920,603,FEASIBLE_TO_RANGE,-1,-,32,-0.1039,2.50,542
18.1520,605,FEASIBLE_TO_RANGE,-1,-,32,-0.1040,2.50,546
18.2000,606,FEASIBLE_TO_RANGE,-1,-,32,-0.1041,2.50,538
18.2480,608,FEASIBLE_TO_RANGE,-1,-,32,-0.1042,2.50,535
18.2940,609,FEASIBLE_TO_RANGE,-1,-,32,-0.1043,2.50,527
18.3420,611,FEASIBLE_TO_RANGE,-1,-,32,-0.1044,2.50,533
18.3900,613,FEASIBLE_TO_RANGE,-1,-,32,-0.1045,2.50,531
18.4380,614,FEASIBLE_TO_RANGE,-1,-,32,-0.1046,2.50,538
18.4860,616,FEASIBLE_TO_RANGE,-1,-,32,-0.1047,2.50,531
18.5340,617,FEASIBLE_TO_RANGE,-1,-,32,-0.1048,2.50,578
18.5840,619,FEASIBLE_TO_RANGE,-1,-,32,-0.1049,2.50,567
18.6360,621,FEASIBLE_TO_RANGE,-1,-,32,-0.1050,2.50,557
18.6840,622,FEASIBLE_TO_RANGE,-1,-,32,-0.1051,2.50,526
18.7360,624,FEASIBLE_TO_RANGE,-1,-,32,-0.1052,2.50,589
18.7900,626,FEASIBLE_TO_RANGE,-1,-,32,-0.1052,2.50,537
18.8420,628,FEASIBLE_TO_RANGE,-1,-,32,-0.1053,2.50,534
18.8940,629,FEASIBLE_TO_RANGE,-1,-,32,-0.1054,2.50,528
18.9400,631,FEASIBLE_TO_RANGE,-1,-,32,-0.1054,2.50,615
18.9980,633,FEASIBLE_TO_RANGE,-1,-,32,-0.1055,2.50,643
19.0440,634,FEASIBLE_TO_RANGE,-1,-,32,-0.1056,2.50,573
19.0920,636,FEASIBLE_TO_RANGE,-1,-,32,-0.1056,2.50,588
19.1420,638,FEASIBLE_TO_RANGE,-1,-,32,-0.1057,2.50,577
19.1920,639,FEASIBLE_TO_RANGE,-1,-,32,-0.1058,2.50,746
19.2400,641,FEASIBLE_TO_RANGE,-1,-,32,-0.1059,2.50,560
19.2880,642,FEASIBLE_TO_RANGE,-1,-,32,-0.1060,2.50,567
19.3360,644,FEASIBLE_TO_RANGE,-1,-,32,-0.1060,2.50,583
19.3880,646,FEASIBLE_TO_RANGE,-1,-,32,-0.1061,2.50,540
19.4400,648,FEASIBLE_TO_RANGE,-1,-,32,-0.1062,2.50,648
19.4860,649,FEASIBLE_TO_RANGE,-1,-,32,-0.1063,2.50,556
19.5320,651,FEASIBLE_TO_RANGE,-1,-,32,-0.1063,2.50,572
19.5780,652,FEASIBLE_TO_RANGE,-1,-,32,-0.1064,2.50,589
19.6260,654,FEASIBLE_TO_RANGE,-1,-,32,-0.1065,2.50,533
19.6700,655,FEASIBLE_TO_RANGE,-1,-,32,-0.1066,2.50,579
19.7200,657,FEASIBLE_TO_RANGE,-1,-,32,-0.1066,2.50,568
19.7740,659,FEASIBLE_TO_RANGE,-1,-,32,-0.1067,2.50,622
19.8280,660,FEASIBLE_TO_RANGE,-1,-,32,-0.1067,2.50,540
19.8780,662,FEASIBLE_TO_RANGE,-1,-,32,-0.1067,2.50,533
19.9340,664,FEASIBLE_TO_RANGE,-1,-,32,-0.1068,2.50,536
19.9860,666,FEASIBLE_TO_RANGE,-1,-,32,-0.1068,2.50,576
20.0340,667,FEASIBLE_TO_RANGE,-1,-,32,-0.1068,2.50,525
20.0820,669,FEASIBLE_TO_RANGE,-1,-,32,-0.1069,2.50,527
20.1360,671,FEASIBLE_TO_RANGE,-1,-,32,-0.1069,2.50,533
20.1860,672,FEASIBLE_TO_RANGE,-1,-,32,-0.1070,2.50,581
20.2420,674,FEASIBLE_TO_RANGE,-1,-,32,-0.1070,2.50,576
20.2960,676,FEASIBLE_TO_RANGE,-1,-,32,-0.1070,2.50,637
20.3640,678,FEASIBLE_TO_RANGE,-1,-,32,-0.1070,2.50,604
20.4100,680,FEASIBLE_TO_RANGE,-1,-,32,-0.1070,2.50,586
20.4620,682,FEASIBLE_TO_RANGE,-1,-,32,-0.1070,2.50,724
20.5100,683,FEASIBLE_TO_RANGE,-1,-,32,-0.1070,2.50,578
20.5600,685,FEASIBLE_TO_RANGE,-1,-,32,-0.1071,2.50,532
20.6060,686,FEASIBLE_TO_RANGE,-1,-,32,-0.1072,2.50,536
20.6520,688,FEASIBLE_TO_RANGE,-1,-,32,-0.1072,2.50,550
20.7040,690,FEASIBLE_TO_RANGE,-1,-,32,-0.1073,2.50,541
20.7520,691,FEASIBLE_TO_RANGE,-1,-,32,-0.1074,2.50,586
20.8000,693,FEASIBLE_TO_RANGE,-1,-,32,-0.1074,2.50,565
20.8600,695,FEASIBLE_TO_RANGE,-1,-,32,-0.1074,2.50,550
20.9060,696,FEASIBLE_TO_RANGE,-1,-,32,-0.1075,2.50,632
20.9560,698,FEASIBLE_TO_RANGE,-1,-,32,-0.1075,2.50,579
21.0040,700,FEASIBLE_TO_RANGE,-1,-,32,-0.1075,2.50,624
21.0520,701,FEASIBLE_TO_RANGE,-1,-,32,-0.1076,2.50,594
21.1040,703,FEASIBLE_TO_RANGE,-1,-,32,-0.1076,2.50,557
21.1520,705,FEASIBLE_TO_RANGE,-1,-,32,-0.1077,2.50,528
21.2020,706,FEASIBLE_TO_RANGE,-1,-,32,0.1061,2.50,546
21.3060,710,FEASIBLE_TO_RANGE,-1,-,32,0.7422,2.50,601
21.3560,711,BLOCKED_AT_STEP_K,24,FL,24,0.7941,2.50,457
21.4240,714,FEASIBLE_TO_RANGE,-1,-,32,1.4103,2.50,779
21.4900,716,BLOCKED_AT_STEP_K,18,FR,18,0.7695,2.50,559
21.5480,718,FEASIBLE_TO_RANGE,-1,-,32,1.6503,2.50,573
21.6000,720,FEASIBLE_TO_RANGE,-1,-,32,1.7434,2.50,557
21.6600,722,FEASIBLE_TO_RANGE,-1,-,32,1.8145,2.50,545
21.7100,723,FEASIBLE_TO_RANGE,-1,-,32,1.8636,2.50,829
21.7680,725,BLOCKED_AT_STEP_K,14,FR,14,0.7179,2.50,272
21.8200,727,BLOCKED_AT_STEP_K,12,FL,12,0.6400,2.50,243
21.8940,729,BLOCKED_AT_STEP_K,12,FL,12,0.6566,2.50,406
21.9560,731,BLOCKED_AT_STEP_K,12,FL,12,0.6561,2.50,428
22.0140,733,BLOCKED_AT_STEP_K,12,FL,12,0.6587,2.50,277
22.0860,736,BLOCKED_AT_STEP_K,12,FL,12,0.6471,2.50,216
22.1340,737,BLOCKED_AT_STEP_K,12,FL,12,0.6123,2.50,215
22.1840,739,BLOCKED_AT_STEP_K,12,FL,12,0.6244,2.50,214
22.2320,741,BLOCKED_AT_STEP_K,10,FR,10,0.5337,2.50,186
22.2920,743,BLOCKED_AT_STEP_K,10,FR,10,0.5355,2.50,194
22.3420,744,BLOCKED_AT_STEP_K,10,FR,10,0.5404,2.50,187
22.3960,746,BLOCKED_AT_STEP_K,12,FL,12,0.5735,2.50,254
22.4520,748,BLOCKED_AT_STEP_K,10,FR,10,0.5441,2.50,181
22.5080,750,BLOCKED_AT_STEP_K,10,FR,10,0.5248,2.50,191
22.5660,752,BLOCKED_AT_STEP_K,12,FL,12,0.5101,2.50,219
22.6160,753,BLOCKED_AT_STEP_K,10,FR,10,0.4865,2.50,176
22.6680,755,BLOCKED_AT_STEP_K,8,FL,8,0.4128,2.50,162
22.7300,757,BLOCKED_AT_STEP_K,8,FL,8,0.4136,2.50,148
22.7820,759,BLOCKED_AT_STEP_K,8,FL,8,0.4150,2.50,148
22.8320,761,BLOCKED_AT_STEP_K,8,FL,8,0.4041,2.50,149
22.8820,762,BLOCKED_AT_STEP_K,8,FL,8,0.4080,2.50,154
22.9320,764,BLOCKED_AT_STEP_K,8,FL,8,0.4114,2.50,150
22.9900,766,BLOCKED_AT_STEP_K,10,FR,10,0.3943,2.50,164
23.0400,768,BLOCKED_AT_STEP_K,8,FL,8,0.3538,2.50,142
23.0940,769,BLOCKED_AT_STEP_K,8,FL,8,0.3593,2.50,140
23.1580,771,BLOCKED_AT_STEP_K,6,FR,6,0.2770,2.50,137
23.2260,774,BLOCKED_AT_STEP_K,6,FR,6,0.2756,2.50,113
23.2900,776,BLOCKED_AT_STEP_K,6,FR,6,0.2723,2.50,210
23.3580,778,BLOCKED_AT_STEP_K,6,FR,6,0.2752,2.50,221
23.4300,781,BLOCKED_AT_STEP_K,6,FR,6,0.2671,2.50,196
23.5020,783,BLOCKED_AT_STEP_K,11,BL,11,0.9797,2.50,182
23.5600,785,BLOCKED_AT_STEP_K,4,FL,4,0.1472,2.50,86
23.6220,787,BLOCKED_AT_STEP_K,4,FL,4,0.1405,2.50,81
23.6940,789,BLOCKED_AT_STEP_K,4,FL,4,0.1441,2.50,81
23.7420,791,BLOCKED_AT_STEP_K,11,BL,11,0.9956,2.50,202
23.7940,793,BLOCKED_AT_STEP_K,4,FL,4,0.1400,2.50,148
23.8500,795,BLOCKED_AT_STEP_K,4,FL,4,0.1392,2.50,116
23.9140,797,BLOCKED_AT_STEP_K,11,BL,11,0.9807,2.50,274
23.9680,798,BLOCKED_AT_STEP_K,9,BR,9,0.8568,2.50,174
24.0280,800,BLOCKED_AT_STEP_K,9,BR,9,0.8592,2.50,163
24.0960,803,BLOCKED_AT_STEP_K,9,BR,9,0.8586,2.50,160
24.1500,805,BLOCKED_AT_STEP_K,11,BL,11,0.9929,2.50,195
24.2040,806,BLOCKED_AT_STEP_K,11,BL,11,0.9923,2.50,188
24.2540,808,BLOCKED_AT_STEP_K,9,BR,9,0.8611,2.50,170
24.3080,810,BLOCKED_AT_STEP_K,9,BR,9,0.8449,2.50,284
24.3760,812,BLOCKED_AT_STEP_K,7,BL,7,0.7296,2.50,126
24.4280,814,BLOCKED_AT_STEP_K,9,BR,9,0.8543,2.50,190
24.4920,816,BLOCKED_AT_STEP_K,7,BL,7,0.7344,2.50,153
24.5560,818,BLOCKED_AT_STEP_K,7,BL,7,0.7327,2.50,154
24.6100,820,BLOCKED_AT_STEP_K,9,BR,9,0.8680,2.50,174
24.6660,822,BLOCKED_AT_STEP_K,9,BR,9,0.8528,2.50,160
24.7240,824,BLOCKED_AT_STEP_K,30,FR,30,1.8398,2.50,588
24.7880,826,BLOCKED_AT_STEP_K,5,BR,5,0.5881,2.50,97
24.8400,828,BLOCKED_AT_STEP_K,30,FR,30,1.8517,2.50,540
24.8920,829,BLOCKED_AT_STEP_K,5,BR,5,0.5934,2.50,106
24.9440,831,BLOCKED_AT_STEP_K,5,BR,5,0.5961,2.50,115
25.0100,833,BLOCKED_AT_STEP_K,28,FL,28,1.7450,2.50,872
25.0640,835,BLOCKED_AT_STEP_K,28,FL,28,1.7483,2.50,509
25.1160,837,BLOCKED_AT_STEP_K,30,FR,30,1.7864,2.50,665
25.1720,839,BLOCKED_AT_STEP_K,28,FL,28,1.7058,2.50,549
25.2340,841,BLOCKED_AT_STEP_K,28,FL,28,1.6985,2.50,558
25.2860,842,BLOCKED_AT_STEP_K,28,FL,28,1.7187,2.50,521
25.3360,844,BLOCKED_AT_STEP_K,28,FL,28,1.6924,2.50,550
25.3880,846,BLOCKED_AT_STEP_K,30,FR,30,1.6953,2.50,516
25.4500,848,BLOCKED_AT_STEP_K,26,FR,26,1.6296,2.50,497
25.5000,850,BLOCKED_AT_STEP_K,28,FL,28,1.6758,2.50,497
25.5540,851,BLOCKED_AT_STEP_K,26,FR,26,1.5990,2.50,525
25.6080,853,BLOCKED_AT_STEP_K,26,FR,26,1.5983,2.50,545
25.6720,855,BLOCKED_AT_STEP_K,26,FR,26,1.5895,2.50,483
25.7220,857,BLOCKED_AT_STEP_K,26,FR,26,1.6178,2.50,468
25.7700,859,BLOCKED_AT_STEP_K,26,FR,26,1.5886,2.50,520
25.8220,860,BLOCKED_AT_STEP_K,28,FL,28,1.5841,2.50,534
25.8820,862,BLOCKED_AT_STEP_K,26,FR,26,1.5649,2.50,451
25.9320,864,BLOCKED_AT_STEP_K,26,FR,26,1.5727,2.50,461
25.9840,866,BLOCKED_AT_STEP_K,26,FR,26,1.5383,2.50,469
26.0620,868,BLOCKED_AT_STEP_K,24,FL,24,1.4552,2.50,580
26.1300,871,BLOCKED_AT_STEP_K,24,FL,24,1.4325,2.50,451
26.1860,872,BLOCKED_AT_STEP_K,24,FL,24,1.4565,2.50,447
26.2360,874,BLOCKED_AT_STEP_K,26,FR,26,1.4636,2.50,448
26.2860,876,BLOCKED_AT_STEP_K,24,FL,24,1.4496,2.50,435
26.3500,878,BLOCKED_AT_STEP_K,24,FL,24,1.4375,2.50,417
26.4020,880,BLOCKED_AT_STEP_K,24,FL,24,1.4069,2.50,439
26.4560,881,BLOCKED_AT_STEP_K,24,FL,24,1.4076,2.50,460
26.5060,883,BLOCKED_AT_STEP_K,22,FR,22,1.3387,2.50,407
26.5580,885,BLOCKED_AT_STEP_K,22,FR,22,1.3116,2.50,404
26.6200,887,BLOCKED_AT_STEP_K,22,FR,22,1.3086,2.50,565
26.6800,889,BLOCKED_AT_STEP_K,24,FL,24,1.3290,2.50,443
26.7320,891,BLOCKED_AT_STEP_K,27,BL,27,2.0497,2.50,471
26.8000,893,BLOCKED_AT_STEP_K,22,FR,22,1.3117,2.50,398
26.8600,895,BLOCKED_AT_STEP_K,27,BL,27,2.0798,2.50,467
26.9100,897,BLOCKED_AT_STEP_K,22,FR,22,1.2767,2.50,424
26.9600,898,BLOCKED_AT_STEP_K,20,FL,20,1.1903,2.50,439
27.0260,900,BLOCKED_AT_STEP_K,20,FL,20,1.1812,2.50,364
27.0800,902,BLOCKED_AT_STEP_K,20,FL,20,1.1993,2.50,370
27.1300,904,BLOCKED_AT_STEP_K,20,FL,20,1.1797,2.50,374
27.1880,906,BLOCKED_AT_STEP_K,20,FL,20,1.1852,2.50,380
27.2520,908,BLOCKED_AT_STEP_K,20,FL,20,1.1642,2.50,367
27.3040,910,BLOCKED_AT_STEP_K,22,FR,22,1.1758,2.50,430
27.3580,911,BLOCKED_AT_STEP_K,20,FL,20,1.1390,2.50,387
27.4100,913,BLOCKED_AT_STEP_K,18,FR,18,1.0731,2.50,360
27.4700,915,BLOCKED_AT_STEP_K,18,FR,18,1.0635,2.50,361
27.5220,917,BLOCKED_AT_STEP_K,18,FR,18,1.0818,2.50,357
27.5920,919,BLOCKED_AT_STEP_K,18,FR,18,1.0471,2.50,591
27.6460,921,BLOCKED_AT_STEP_K,18,FR,18,1.0367,2.50,589
27.7120,923,BLOCKED_AT_STEP_K,18,FR,18,1.0285,2.50,416
27.7680,925,BLOCKED_AT_STEP_K,18,FR,18,1.0310,2.50,333
27.8220,927,BLOCKED_AT_STEP_K,23,BL,23,1.8014,2.50,449
27.8780,929,BLOCKED_AT_STEP_K,18,FR,18,1.0044,2.50,330
27.9400,931,BLOCKED_AT_STEP_K,18,FR,18,0.9814,2.50,456
27.9980,933,BLOCKED_AT_STEP_K,18,FR,18,0.9553,2.50,322
28.0500,935,BLOCKED_AT_STEP_K,16,FL,16,0.9294,2.50,288
28.1000,936,BLOCKED_AT_STEP_K,18,FR,18,0.9309,2.50,311
28.1600,938,BLOCKED_AT_STEP_K,21,BR,21,1.6614,2.50,360
28.2120,940,BLOCKED_AT_STEP_K,16,FL,16,0.8946,2.50,291
28.2660,942,BLOCKED_AT_STEP_K,16,FL,16,0.8700,2.50,445
28.3180,943,BLOCKED_AT_STEP_K,16,FL,16,0.8730,2.50,304
28.3800,946,BLOCKED_AT_STEP_K,14,FR,14,0.7950,2.50,279
28.4340,947,BLOCKED_AT_STEP_K,14,FR,14,0.8073,2.50,279
28.4840,949,BLOCKED_AT_STEP_K,14,FR,14,0.8172,2.50,297
28.5340,951,BLOCKED_AT_STEP_K,14,FR,14,0.8016,2.50,255
28.5960,953,BLOCKED_AT_STEP_K,19,BL,19,1.5183,2.50,334
28.6460,954,BLOCKED_AT_STEP_K,14,FR,14,0.7592,2.50,251
28.6980,956,BLOCKED_AT_STEP_K,14,FR,14,0.7634,2.50,272
28.7500,958,BLOCKED_AT_STEP_K,19,BL,19,1.5370,2.50,338
28.8000,960,BLOCKED_AT_STEP_K,12,FL,12,0.6554,2.50,314
28.8600,962,BLOCKED_AT_STEP_K,12,FL,12,0.6588,2.50,206
28.9100,963,BLOCKED_AT_STEP_K,12,FL,12,0.6687,2.50,214
28.9600,965,BLOCKED_AT_STEP_K,12,FL,12,0.6776,2.50,218
29.0140,967,BLOCKED_AT_STEP_K,12,FL,12,0.6652,2.50,222
29.0720,969,BLOCKED_AT_STEP_K,12,FL,12,0.6646,2.50,251
29.1360,971,BLOCKED_AT_STEP_K,14,FR,14,0.6488,2.50,239
29.1860,972,BLOCKED_AT_STEP_K,12,FL,12,0.6138,2.50,213
29.2380,974,BLOCKED_AT_STEP_K,10,FR,10,0.5429,2.50,186
29.2980,976,BLOCKED_AT_STEP_K,17,BR,17,1.3856,2.50,283
29.3500,978,BLOCKED_AT_STEP_K,12,FL,12,0.5523,2.50,213
29.4460,981,BLOCKED_AT_STEP_K,10,FR,10,0.5386,2.50,243
29.5080,983,BLOCKED_AT_STEP_K,15,BL,15,1.2701,2.50,272
29.5640,985,BLOCKED_AT_STEP_K,10,FR,10,0.5019,2.50,207
29.6180,987,BLOCKED_AT_STEP_K,10,FR,10,0.4865,2.50,195
29.6800,989,BLOCKED_AT_STEP_K,15,BL,15,1.2677,2.50,250
29.7520,991,BLOCKED_AT_STEP_K,8,FL,8,0.3987,2.50,192
29.8160,993,BLOCKED_AT_STEP_K,15,BL,15,1.2613,2.50,462
29.8800,996,BLOCKED_AT_STEP_K,8,FL,8,0.4027,2.50,156
30.0060,1000,BLOCKED_AT_STEP_K,8,FL,8,0.4010,2.50,169
30.0600,1002,BLOCKED_AT_STEP_K,15,BL,15,1.2028,2.50,298
30.1180,1003,BLOCKED_AT_STEP_K,8,FL,8,0.3484,2.50,166
30.1860,1006,BLOCKED_AT_STEP_K,6,FR,6,0.2702,2.50,224
30.2440,1008,BLOCKED_AT_STEP_K,8,FL,8,0.2943,2.50,136
30.3060,1010,BLOCKED_AT_STEP_K,6,FR,6,0.2755,2.50,117
30.3560,1011,BLOCKED_AT_STEP_K,6,FR,6,0.2795,2.50,111
30.4260,1014,BLOCKED_AT_STEP_K,11,BL,11,0.9898,2.50,181
30.4740,1015,BLOCKED_AT_STEP_K,8,FL,8,0.2494,2.50,182
30.5280,1017,BLOCKED_AT_STEP_K,11,BL,11,0.9985,2.50,179
30.5920,1019,BLOCKED_AT_STEP_K,11,BL,11,0.9903,2.50,198
30.6560,1021,BLOCKED_AT_STEP_K,4,FL,4,0.1352,2.50,80
30.7060,1023,BLOCKED_AT_STEP_K,11,BL,11,0.9994,2.50,217
30.7580,1025,BLOCKED_AT_STEP_K,4,FL,4,0.1352,2.50,79
30.8080,1026,BLOCKED_AT_STEP_K,4,FL,4,0.1382,2.50,109
30.8700,1029,BLOCKED_AT_STEP_K,4,FL,4,0.1372,2.50,89
30.9220,1030,BLOCKED_AT_STEP_K,4,FL,4,0.1386,2.50,80
30.9720,1032,BLOCKED_AT_STEP_K,11,BL,11,1.0007,2.50,183
31.0260,1034,BLOCKED_AT_STEP_K,9,BR,9,0.8457,2.50,159
31.0860,1036,BLOCKED_AT_STEP_K,9,BR,9,0.8450,2.50,172
31.1340,1037,BLOCKED_AT_STEP_K,9,BR,9,0.8521,2.50,150
31.1880,1039,BLOCKED_AT_STEP_K,9,BR,9,0.8572,2.50,150
31.2500,1041,BLOCKED_AT_STEP_K,7,BL,7,0.7356,2.50,122
31.3240,1044,BLOCKED_AT_STEP_K,7,BL,7,0.7305,2.50,220
31.3840,1046,BLOCKED_AT_STEP_K,7,BL,7,0.7275,2.50,122
31.4360,1047,FEASIBLE_TO_RANGE,-1,-,32,1.9871,2.50,523
31.4860,1049,BLOCKED_AT_STEP_K,7,BL,7,0.7311,2.50,220
31.5920,1053,BLOCKED_AT_STEP_K,30,FR,30,1.8452,2.50,542
31.6900,1056,BLOCKED_AT_STEP_K,5,BR,5,0.5874,2.50,105
31.7640,1058,BLOCKED_AT_STEP_K,5,BR,5,0.5913,2.50,93
31.8140,1060,FEASIBLE_TO_RANGE,-1,-,32,1.8603,2.50,539
31.8680,1062,BLOCKED_AT_STEP_K,30,FR,30,1.8296,2.50,644
31.9380,1064,BLOCKED_AT_STEP_K,5,BR,5,0.5853,2.50,99
32.0100,1067,BLOCKED_AT_STEP_K,30,FR,30,1.7926,2.50,558
32.0600,1068,BLOCKED_AT_STEP_K,28,FL,28,1.7239,2.50,563
32.1160,1070,FEASIBLE_TO_RANGE,-1,-,32,1.7550,2.50,590
32.1820,1072,BLOCKED_AT_STEP_K,28,FL,28,1.7460,2.50,501
32.2320,1074,BLOCKED_AT_STEP_K,28,FL,28,1.7499,2.50,498
32.2840,1076,BLOCKED_AT_STEP_K,28,FL,28,1.7125,2.50,893
32.3460,1078,BLOCKED_AT_STEP_K,28,FL,28,1.7017,2.50,504
32.3940,1079,BLOCKED_AT_STEP_K,28,FL,28,1.7126,2.50,583
32.4560,1081,BLOCKED_AT_STEP_K,28,FL,28,1.6627,2.50,583
32.5080,1083,BLOCKED_AT_STEP_K,26,FR,26,1.6099,2.50,460
32.5560,1085,BLOCKED_AT_STEP_K,26,FR,26,1.5825,2.50,527
32.6080,1086,BLOCKED_AT_STEP_K,26,FR,26,1.6003,2.50,469
32.6660,1088,BLOCKED_AT_STEP_K,28,FL,28,1.6297,2.50,612
32.7160,1090,BLOCKED_AT_STEP_K,26,FR,26,1.6100,2.50,499
32.7660,1092,BLOCKED_AT_STEP_K,28,FL,28,1.6047,2.50,537
32.8180,1093,BLOCKED_AT_STEP_K,26,FR,26,1.5826,2.50,496
32.8800,1096,BLOCKED_AT_STEP_K,26,FR,26,1.5669,2.50,496
32.9320,1097,BLOCKED_AT_STEP_K,26,FR,26,1.5431,2.50,466
32.9820,1099,BLOCKED_AT_STEP_K,26,FR,26,1.5211,2.50,470
33.0320,1101,BLOCKED_AT_STEP_K,24,FL,24,1.4534,2.50,436
33.0920,1103,BLOCKED_AT_STEP_K,26,FR,26,1.4963,2.50,472
33.1520,1105,BLOCKED_AT_STEP_K,24,FL,24,1.4564,2.50,697
33.2180,1107,BLOCKED_AT_STEP_K,24,FL,24,1.4440,2.50,438
33.2740,1109,BLOCKED_AT_STEP_K,24,FL,24,1.4385,2.50,441
33.3460,1111,BLOCKED_AT_STEP_K,24,FL,24,1.4221,2.50,440
33.4100,1113,BLOCKED_AT_STEP_K,22,FR,22,1.3409,2.50,485
33.4620,1115,BLOCKED_AT_STEP_K,24,FL,24,1.3855,2.50,440
33.5120,1117,BLOCKED_AT_STEP_K,22,FR,22,1.3299,2.50,399
33.5720,1119,BLOCKED_AT_STEP_K,24,FL,24,1.3604,2.50,426
33.6240,1120,BLOCKED_AT_STEP_K,22,FR,22,1.3381,2.50,407
33.6800,1122,BLOCKED_AT_STEP_K,22,FR,22,1.3332,2.50,397
33.7360,1124,BLOCKED_AT_STEP_K,24,FL,24,1.3178,2.50,439
33.8000,1126,BLOCKED_AT_STEP_K,22,FR,22,1.2825,2.50,438
33.8560,1128,BLOCKED_AT_STEP_K,20,FL,20,1.2064,2.50,364
33.9140,1130,BLOCKED_AT_STEP_K,22,FR,22,1.2524,2.50,1866
33.9820,1132,BLOCKED_AT_STEP_K,22,FR,22,1.2469,2.50,621
34.0560,1135,BLOCKED_AT_STEP_K,22,FR,22,1.2237,2.50,386
34.1060,1136,BLOCKED_AT_STEP_K,20,FL,20,1.1947,2.50,420
34.1580,1138,BLOCKED_AT_STEP_K,20,FL,20,1.1996,2.50,359
34.2060,1140,BLOCKED_AT_STEP_K,20,FL,20,1.1749,2.50,357
34.2660,1142,BLOCKED_AT_STEP_K,20,FL,20,1.1306,2.50,361
34.3200,1144,BLOCKED_AT_STEP_K,18,FR,18,1.0624,2.50,350
34.4000,1146,BLOCKED_AT_STEP_K,20,FL,20,1.1120,2.50,358
34.4640,1148,BLOCKED_AT_STEP_K,20,FL,20,1.1052,2.50,366
34.5180,1150,BLOCKED_AT_STEP_K,18,FR,18,1.0753,2.50,466
34.5780,1152,BLOCKED_AT_STEP_K,18,FR,18,1.0707,2.50,323
34.6260,1154,BLOCKED_AT_STEP_K,18,FR,18,1.0481,2.50,369
34.6880,1156,BLOCKED_AT_STEP_K,20,FL,20,1.0252,2.50,347
34.7380,1157,BLOCKED_AT_STEP_K,18,FR,18,1.0132,2.50,329
34.7860,1159,BLOCKED_AT_STEP_K,16,FL,16,0.9396,2.50,323
34.8360,1161,BLOCKED_AT_STEP_K,16,FL,16,0.9248,2.50,309
34.8960,1163,BLOCKED_AT_STEP_K,16,FL,16,0.9272,2.50,296
34.9500,1165,BLOCKED_AT_STEP_K,18,FR,18,0.9674,2.50,315
35.0020,1166,BLOCKED_AT_STEP_K,16,FL,16,0.9343,2.50,303
35.0560,1168,BLOCKED_AT_STEP_K,16,FL,16,0.9384,2.50,312
35.1080,1170,BLOCKED_AT_STEP_K,16,FL,16,0.9128,2.50,289
35.1680,1172,BLOCKED_AT_STEP_K,16,FL,16,0.8694,2.50,308
35.2160,1173,BLOCKED_AT_STEP_K,16,FL,16,0.8841,2.50,292
35.2640,1175,BLOCKED_AT_STEP_K,14,FR,14,0.8145,2.50,328
35.3140,1177,BLOCKED_AT_STEP_K,14,FR,14,0.8000,2.50,294
35.3880,1179,BLOCKED_AT_STEP_K,16,FL,16,0.8452,2.50,281
35.4740,1182,BLOCKED_AT_STEP_K,14,FR,14,0.8074,2.50,304
35.5240,1184,BLOCKED_AT_STEP_K,14,FR,14,0.7933,2.50,266
35.5960,1186,BLOCKED_AT_STEP_K,14,FR,14,0.7564,2.50,292
35.6600,1188,BLOCKED_AT_STEP_K,14,FR,14,0.7599,2.50,355
35.7120,1190,BLOCKED_AT_STEP_K,12,FL,12,0.6782,2.50,352
35.7640,1192,BLOCKED_AT_STEP_K,12,FL,12,0.6644,2.50,235
35.8240,1194,BLOCKED_AT_STEP_K,12,FL,12,0.6635,2.50,222
35.8780,1195,BLOCKED_AT_STEP_K,14,FR,14,0.7039,2.50,255
35.9260,1197,BLOCKED_AT_STEP_K,12,FL,12,0.6707,2.50,265
35.9780,1199,BLOCKED_AT_STEP_K,12,FL,12,0.6557,2.50,217
36.0460,1201,BLOCKED_AT_STEP_K,12,FL,12,0.6195,2.50,220
36.0980,1203,BLOCKED_AT_STEP_K,12,FL,12,0.6086,2.50,216
36.1500,1205,BLOCKED_AT_STEP_K,12,FL,12,0.6170,2.50,236
36.2000,1206,BLOCKED_AT_STEP_K,10,FR,10,0.5442,2.50,188
36.2600,1208,BLOCKED_AT_STEP_K,10,FR,10,0.5446,2.50,201
36.3100,1210,BLOCKED_AT_STEP_K,12,FL,12,0.5814,2.50,222
36.3700,1212,BLOCKED_AT_STEP_K,12,FL,12,0.5600,2.50,377
36.4280,1214,BLOCKED_AT_STEP_K,10,FR,10,0.5289,2.50,273
36.5060,1216,BLOCKED_AT_STEP_K,12,FL,12,0.5143,2.50,201
36.5560,1218,BLOCKED_AT_STEP_K,10,FR,10,0.4948,2.50,177
36.6080,1220,BLOCKED_AT_STEP_K,10,FR,10,0.4841,2.50,290
36.6580,1221,BLOCKED_AT_STEP_K,8,FL,8,0.4036,2.50,178
36.7180,1223,BLOCKED_AT_STEP_K,8,FL,8,0.4040,2.50,159
36.7700,1225,BLOCKED_AT_STEP_K,8,FL,8,0.4053,2.50,168
36.8220,1227,BLOCKED_AT_STEP_K,15,BL,15,1.2685,2.50,238
36.8700,1229,BLOCKED_AT_STEP_K,8,FL,8,0.3985,2.50,144
36.9300,1231,BLOCKED_AT_STEP_K,8,FL,8,0.3993,2.50,142
36.9780,1232,BLOCKED_AT_STEP_K,8,FL,8,0.3568,2.50,140
37.0380,1234,BLOCKED_AT_STEP_K,8,FL,8,0.3612,2.50,141
37.1040,1236,BLOCKED_AT_STEP_K,6,FR,6,0.2802,2.50,118
37.1700,1239,BLOCKED_AT_STEP_K,6,FR,6,0.2771,2.50,113
37.2220,1240,BLOCKED_AT_STEP_K,6,FR,6,0.2776,2.50,119
37.2760,1242,BLOCKED_AT_STEP_K,8,FL,8,0.3098,2.50,257
37.3340,1244,BLOCKED_AT_STEP_K,6,FR,6,0.2763,2.50,121
37.4040,1246,BLOCKED_AT_STEP_K,8,FL,8,0.2547,2.50,131
37.4680,1248,BLOCKED_AT_STEP_K,11,BL,11,0.9917,2.50,192
37.5340,1251,BLOCKED_AT_STEP_K,4,FL,4,0.1370,2.50,111
37.6080,1253,BLOCKED_AT_STEP_K,4,FL,4,0.1414,2.50,81
37.6580,1255,BLOCKED_AT_STEP_K,4,FL,4,0.1357,2.50,85
37.7160,1257,BLOCKED_AT_STEP_K,11,BL,11,0.9852,2.50,182
37.7660,1258,BLOCKED_AT_STEP_K,4,FL,4,0.1365,2.50,81
37.8280,1260,BLOCKED_AT_STEP_K,4,FL,4,0.1363,2.50,84
37.8780,1262,BLOCKED_AT_STEP_K,9,BR,9,0.8600,2.50,161
37.9300,1264,BLOCKED_AT_STEP_K,9,BR,9,0.8670,2.50,149
37.9800,1266,BLOCKED_AT_STEP_K,9,BR,9,0.8599,2.50,158
38.0480,1268,BLOCKED_AT_STEP_K,9,BR,9,0.8567,2.50,146
38.0980,1269,BLOCKED_AT_STEP_K,11,BL,11,0.9919,2.50,186
38.1500,1271,BLOCKED_AT_STEP_K,11,BL,11,0.9958,2.50,187
38.2000,1273,BLOCKED_AT_STEP_K,9,BR,9,0.8665,2.50,150
38.2500,1275,BLOCKED_AT_STEP_K,9,BR,9,0.8526,2.50,275
38.3300,1277,BLOCKED_AT_STEP_K,7,BL,7,0.7290,2.50,426
38.3980,1279,BLOCKED_AT_STEP_K,9,BR,9,0.8584,2.50,265
38.4840,1282,BLOCKED_AT_STEP_K,7,BL,7,0.7304,2.50,133
38.5440,1284,BLOCKED_AT_STEP_K,9,BR,9,0.8617,2.50,304
38.6120,1287,BLOCKED_AT_STEP_K,9,BR,9,0.8553,2.50,157
38.6680,1288,BLOCKED_AT_STEP_K,30,FR,30,1.8514,2.50,540
38.7340,1291,BLOCKED_AT_STEP_K,5,BR,5,0.5911,2.50,92
38.7820,1292,BLOCKED_AT_STEP_K,30,FR,30,1.8627,2.50,560
38.8320,1294,BLOCKED_AT_STEP_K,5,BR,5,0.5996,2.50,93
38.8880,1296,BLOCKED_AT_STEP_K,5,BR,5,0.5939,2.50,94
38.9480,1298,BLOCKED_AT_STEP_K,5,BR,5,0.6014,2.50,94
39.0020,1300,BLOCKED_AT_STEP_K,30,FR,30,1.8017,2.50,563
39.0540,1301,BLOCKED_AT_STEP_K,28,FL,28,1.7317,2.50,502
39.1040,1303,FEASIBLE_TO_RANGE,-1,-,32,1.7539,2.50,564
39.1520,1305,BLOCKED_AT_STEP_K,28,FL,28,1.7021,2.50,528
39.2120,1307,BLOCKED_AT_STEP_K,28,FL,28,1.7119,2.50,495
39.2620,1308,BLOCKED_AT_STEP_K,30,FR,30,1.7086,2.50,527
39.3200,1310,BLOCKED_AT_STEP_K,28,FL,28,1.6912,2.50,640
39.3860,1312,BLOCKED_AT_STEP_K,28,FL,28,1.6983,2.50,510
39.4380,1314,BLOCKED_AT_STEP_K,26,FR,26,1.6127,2.50,458
39.4860,1316,BLOCKED_AT_STEP_K,28,FL,28,1.6595,2.50,523
39.5380,1317,BLOCKED_AT_STEP_K,26,FR,26,1.5878,2.50,463
39.5860,1319,BLOCKED_AT_STEP_K,26,FR,26,1.5996,2.50,519
39.6460,1321,BLOCKED_AT_STEP_K,26,FR,26,1.6019,2.50,449
39.7020,1323,BLOCKED_AT_STEP_K,28,FL,28,1.6011,2.50,536
39.7520,1325,BLOCKED_AT_STEP_K,26,FR,26,1.5854,2.50,471
39.8000,1326,BLOCKED_AT_STEP_K,31,BL,31,2.3265,2.50,514
39.8620,1328,BLOCKED_AT_STEP_K,26,FR,26,1.5548,2.50,471
39.9160,1330,BLOCKED_AT_STEP_K,26,FR,26,1.5575,2.50,449
39.9660,1332,BLOCKED_AT_STEP_K,26,FR,26,1.5224,2.50,465
40.0160,1333,BLOCKED_AT_STEP_K,24,FL,24,1.4532,2.50,430
40.0840,1336,BLOCKED_AT_STEP_K,24,FL,24,1.4313,2.50,853
40.1360,1337,BLOCKED_AT_STEP_K,24,FL,24,1.4582,2.50,482
40.1900,1339,BLOCKED_AT_STEP_K,26,FR,26,1.4514,2.50,843
40.2420,1341,BLOCKED_AT_STEP_K,24,FL,24,1.4400,2.50,435
40.3020,1343,BLOCKED_AT_STEP_K,24,FL,24,1.4416,2.50,432
40.3540,1345,BLOCKED_AT_STEP_K,24,FL,24,1.4062,2.50,460
40.4060,1346,BLOCKED_AT_STEP_K,24,FL,24,1.4143,2.50,455
40.4580,1348,BLOCKED_AT_STEP_K,22,FR,22,1.3321,2.50,510
40.5080,1350,BLOCKED_AT_STEP_K,22,FR,22,1.3011,2.50,401
40.5700,1352,BLOCKED_AT_STEP_K,22,FR,22,1.3389,2.50,442
40.6200,1354,BLOCKED_AT_STEP_K,22,FR,22,1.3217,2.50,396
40.6900,1356,BLOCKED_AT_STEP_K,22,FR,22,1.3150,2.50,452
40.7600,1358,BLOCKED_AT_STEP_K,22,FR,22,1.2884,2.50,429
40.8160,1360,BLOCKED_AT_STEP_K,22,FR,22,1.2902,2.50,408
40.8700,1362,BLOCKED_AT_STEP_K,20,FL,20,1.2214,2.50,378
40.9240,1364,BLOCKED_AT_STEP_K,20,FL,20,1.1890,2.50,385
41.0000,1366,BLOCKED_AT_STEP_K,22,FR,22,1.2249,2.50,457
41.0500,1368,BLOCKED_AT_STEP_K,20,FL,20,1.2164,2.50,363
41.1080,1370,BLOCKED_AT_STEP_K,20,FL,20,1.1900,2.50,690
41.1640,1372,BLOCKED_AT_STEP_K,22,FR,22,1.1729,2.50,437
41.2320,1374,BLOCKED_AT_STEP_K,20,FL,20,1.1729,2.50,355
41.2820,1376,BLOCKED_AT_STEP_K,20,FL,20,1.1454,2.50,381
41.3500,1378,BLOCKED_AT_STEP_K,20,FL,20,1.1330,2.50,381
41.4020,1380,BLOCKED_AT_STEP_K,18,FR,18,1.0470,2.50,406
41.4840,1382,BLOCKED_AT_STEP_K,23,BL,23,1.7764,2.50,421
41.5560,1385,BLOCKED_AT_STEP_K,18,FR,18,1.0531,2.50,347
41.6140,1387,BLOCKED_AT_STEP_K,18,FR,18,1.0589,2.50,330
41.6760,1389,BLOCKED_AT_STEP_K,20,FL,20,1.0445,2.50,447
41.7420,1391,BLOCKED_AT_STEP_K,20,FL,20,1.0358,2.50,360
41.7940,1393,BLOCKED_AT_STEP_K,18,FR,18,1.0009,2.50,337
41.8620,1395,BLOCKED_AT_STEP_K,16,FL,16,0.9108,2.50,759
41.9440,1398,BLOCKED_AT_STEP_K,16,FL,16,0.9296,2.50,292
41.9960,1399,BLOCKED_AT_STEP_K,16,FL,16,0.9362,2.50,322
42.0480,1401,BLOCKED_AT_STEP_K,18,FR,18,0.9288,2.50,318
42.1060,1403,BLOCKED_AT_STEP_K,16,FL,16,0.9007,2.50,314
42.1660,1405,BLOCKED_AT_STEP_K,16,FL,16,0.8993,2.50,706
42.2220,1407,BLOCKED_AT_STEP_K,16,FL,16,0.8997,2.50,286
42.2720,1409,BLOCKED_AT_STEP_K,16,FL,16,0.8783,2.50,292
42.3360,1411,BLOCKED_AT_STEP_K,14,FR,14,0.7833,2.50,276
42.3880,1412,BLOCKED_AT_STEP_K,16,FL,16,0.8316,2.50,281
42.4380,1414,BLOCKED_AT_STEP_K,14,FR,14,0.8052,2.50,260
42.4860,1416,BLOCKED_AT_STEP_K,14,FR,14,0.7907,2.50,251
42.5500,1418,BLOCKED_AT_STEP_K,14,FR,14,0.7912,2.50,257
42.6120,1420,BLOCKED_AT_STEP_K,14,FR,14,0.7604,2.50,253
42.6760,1422,BLOCKED_AT_STEP_K,14,FR,14,0.7546,2.50,255
42.7340,1424,BLOCKED_AT_STEP_K,12,FL,12,0.6790,2.50,223
42.7940,1426,BLOCKED_AT_STEP_K,19,BL,19,1.5222,2.50,324
42.8440,1428,BLOCKED_AT_STEP_K,14,FR,14,0.6898,2.50,248
42.9040,1430,BLOCKED_AT_STEP_K,12,FL,12,0.6671,2.50,223
42.9540,1431,BLOCKED_AT_STEP_K,12,FL,12,0.6770,2.50,218
43.0120,1433,BLOCKED_AT_STEP_K,14,FR,14,0.6540,2.50,256
43.0660,1435,BLOCKED_AT_STEP_K,12,FL,12,0.6321,2.50,222
43.1180,1437,BLOCKED_AT_STEP_K,12,FL,12,0.6134,2.50,236
43.1760,1439,BLOCKED_AT_STEP_K,12,FL,12,0.6096,2.50,299
43.2400,1441,BLOCKED_AT_STEP_K,10,FR,10,0.5227,2.50,200
43.2900,1443,BLOCKED_AT_STEP_K,10,FR,10,0.5278,2.50,199
43.3440,1444,BLOCKED_AT_STEP_K,10,FR,10,0.5352,2.50,196
43.3940,1446,BLOCKED_AT_STEP_K,10,FR,10,0.5403,2.50,247
43.4580,1448,BLOCKED_AT_STEP_K,12,FL,12,0.5328,2.50,207
43.5080,1450,BLOCKED_AT_STEP_K,10,FR,10,0.5270,2.50,221
43.5680,1452,BLOCKED_AT_STEP_K,12,FL,12,0.5155,2.50,228
43.6300,1454,BLOCKED_AT_STEP_K,10,FR,10,0.4705,2.50,198
43.6980,1456,BLOCKED_AT_STEP_K,8,FL,8,0.4116,2.50,200
43.7460,1458,BLOCKED_AT_STEP_K,10,FR,10,0.4274,2.50,171
43.7980,1459,BLOCKED_AT_STEP_K,8,FL,8,0.4091,2.50,144
43.8640,1462,BLOCKED_AT_STEP_K,8,FL,8,0.4100,2.50,148
43.9520,1465,BLOCKED_AT_STEP_K,10,FR,10,0.3824,2.50,165
44.0020,1466,BLOCKED_AT_STEP_K,8,FL,8,0.3589,2.50,143
44.0540,1468,BLOCKED_AT_STEP_K,8,FL,8,0.3627,2.50,153
44.1040,1470,BLOCKED_AT_STEP_K,8,FL,8,0.3511,2.50,147
44.1660,1472,BLOCKED_AT_STEP_K,6,FR,6,0.2634,2.50,147
44.2200,1474,BLOCKED_AT_STEP_K,8,FL,8,0.3073,2.50,127
44.2680,1475,BLOCKED_AT_STEP_K,6,FR,6,0.2705,2.50,123
44.3200,1477,BLOCKED_AT_STEP_K,6,FR,6,0.2649,2.50,107
44.3960,1479,BLOCKED_AT_STEP_K,6,FR,6,0.2694,2.50,124
44.4500,1481,BLOCKED_AT_STEP_K,13,BR,13,1.0786,2.50,195
44.5040,1483,BLOCKED_AT_STEP_K,11,BL,11,0.9881,2.50,187
44.5600,1485,BLOCKED_AT_STEP_K,4,FL,4,0.1397,2.50,81
44.6220,1487,BLOCKED_AT_STEP_K,4,FL,4,0.1468,2.50,94
44.6720,1489,BLOCKED_AT_STEP_K,11,BL,11,0.9836,2.50,186
44.7220,1490,BLOCKED_AT_STEP_K,4,FL,4,0.1451,2.50,78
44.7820,1492,BLOCKED_AT_STEP_K,4,FL,4,0.1466,2.50,83
44.8320,1494,BLOCKED_AT_STEP_K,4,FL,4,0.1478,2.50,79
44.8800,1496,BLOCKED_AT_STEP_K,4,FL,4,0.1424,2.50,76
44.9280,1497,BLOCKED_AT_STEP_K,11,BL,11,0.9917,2.50,176
44.9820,1499,BLOCKED_AT_STEP_K,11,BL,11,0.9739,2.50,193
45.0580,1501,BLOCKED_AT_STEP_K,9,BR,9,0.8600,2.50,153
45.1080,1503,BLOCKED_AT_STEP_K,9,BR,9,0.8680,2.50,152
45.1560,1505,BLOCKED_AT_STEP_K,9,BR,9,0.8570,2.50,155
45.2160,1507,BLOCKED_AT_STEP_K,7,BL,7,0.7196,2.50,121
45.2820,1509,BLOCKED_AT_STEP_K,7,BL,7,0.7294,2.50,124
45.3300,1511,BLOCKED_AT_STEP_K,7,BL,7,0.7212,2.50,176
45.3820,1512,BLOCKED_AT_STEP_K,9,BR,9,0.8645,2.50,155
45.4320,1514,BLOCKED_AT_STEP_K,7,BL,7,0.7252,2.50,121
45.4980,1516,BLOCKED_AT_STEP_K,9,BR,9,0.8635,2.50,410
45.5540,1518,FEASIBLE_TO_RANGE,-1,-,32,1.9137,2.50,577
45.6040,1520,BLOCKED_AT_STEP_K,30,FR,30,1.8457,2.50,514
45.6600,1522,BLOCKED_AT_STEP_K,5,BR,5,0.5953,2.50,172
45.7380,1524,BLOCKED_AT_STEP_K,5,BR,5,0.5986,2.50,95
45.7860,1526,BLOCKED_AT_STEP_K,5,BR,5,0.5908,2.50,95
45.8380,1527,BLOCKED_AT_STEP_K,30,FR,30,1.8336,2.50,518
45.8960,1529,BLOCKED_AT_STEP_K,5,BR,5,0.5917,2.50,103
45.9980,1533,BLOCKED_AT_STEP_K,30,FR,30,1.7736,2.50,525
46.0560,1535,BLOCKED_AT_STEP_K,28,FL,28,1.7126,2.50,736
46.1140,1537,BLOCKED_AT_STEP_K,30,FR,30,1.7488,2.50,596
46.1820,1539,FEASIBLE_TO_RANGE,-1,-,32,1.7289,2.50,590
46.2340,1541,BLOCKED_AT_STEP_K,28,FL,28,1.7175,2.50,508
46.2840,1542,BLOCKED_AT_STEP_K,28,FL,28,1.7316,2.50,646
46.3380,1544,BLOCKED_AT_STEP_K,28,FL,28,1.6851,2.50,537
46.4020,1546,BLOCKED_AT_STEP_K,28,FL,28,1.6782,2.50,494
46.4500,1548,BLOCKED_AT_STEP_K,26,FR,26,1.6173,2.50,615
46.4980,1549,BLOCKED_AT_STEP_K,26,FR,26,1.5967,2.50,465
46.5480,1551,BLOCKED_AT_STEP_K,28,FL,28,1.6437,2.50,522
46.6100,1553,BLOCKED_AT_STEP_K,26,FR,26,1.6114,2.50,573
46.6600,1555,BLOCKED_AT_STEP_K,26,FR,26,1.6202,2.50,511
46.7100,1557,BLOCKED_AT_STEP_K,26,FR,26,1.5830,2.50,533
46.7580,1558,BLOCKED_AT_STEP_K,26,FR,26,1.5982,2.50,505
46.8200,1560,BLOCKED_AT_STEP_K,28,FL,28,1.5591,2.50,479
46.8680,1562,BLOCKED_AT_STEP_K,26,FR,26,1.5177,2.50,458
46.9160,1563,BLOCKED_AT_STEP_K,24,FL,24,1.4580,2.50,457
46.9680,1565,BLOCKED_AT_STEP_K,26,FR,26,1.5115,2.50,493
47.0280,1567,BLOCKED_AT_STEP_K,24,FL,24,1.4827,2.50,482
47.0900,1569,BLOCKED_AT_STEP_K,24,FL,24,1.4809,2.50,465
47.1440,1571,BLOCKED_AT_STEP_K,29,BR,29,2.2012,2.50,874
47.1960,1573,BLOCKED_AT_STEP_K,24,FL,24,1.4452,2.50,430
47.2460,1574,BLOCKED_AT_STEP_K,26,FR,26,1.4388,2.50,460
47.3100,1577,BLOCKED_AT_STEP_K,24,FL,24,1.3966,2.50,559
47.3640,1578,BLOCKED_AT_STEP_K,22,FR,22,1.3336,2.50,411
47.4160,1580,BLOCKED_AT_STEP_K,24,FL,24,1.3789,2.50,422
47.4700,1582,BLOCKED_AT_STEP_K,22,FR,22,1.3236,2.50,416
47.5380,1584,BLOCKED_AT_STEP_K,22,FR,22,1.3476,2.50,727
47.6040,1586,BLOCKED_AT_STEP_K,22,FR,22,1.3344,2.50,442
47.6580,1588,BLOCKED_AT_STEP_K,22,FR,22,1.3367,2.50,401
47.7080,1590,BLOCKED_AT_STEP_K,22,FR,22,1.3056,2.50,445
47.7700,1592,BLOCKED_AT_STEP_K,20,FL,20,1.2104,2.50,410
47.8200,1594,BLOCKED_AT_STEP_K,20,FL,20,1.1908,2.50,374
47.8720,1595,BLOCKED_AT_STEP_K,20,FL,20,1.2067,2.50,403
47.9560,1598,BLOCKED_AT_STEP_K,20,FL,20,1.2163,2.50,370
48.0140,1600,BLOCKED_AT_STEP_K,20,FL,20,1.2150,2.50,376
48.1000,1603,BLOCKED_AT_STEP_K,20,FL,20,1.1827,2.50,887
48.1540,1605,BLOCKED_AT_STEP_K,20,FL,20,1.1789,2.50,421
48.2160,1607,BLOCKED_AT_STEP_K,20,FL,20,1.1326,2.50,376
48.2640,1608,BLOCKED_AT_STEP_K,18,FR,18,1.0683,2.50,332
48.3160,1610,BLOCKED_AT_STEP_K,18,FR,18,1.0811,2.50,330
48.3660,1612,BLOCKED_AT_STEP_K,18,FR,18,1.0645,2.50,325
48.4260,1614,BLOCKED_AT_STEP_K,18,FR,18,1.0626,2.50,336
48.4760,1615,BLOCKED_AT_STEP_K,18,FR,18,1.0712,2.50,335
48.5240,1617,BLOCKED_AT_STEP_K,18,FR,18,1.0783,2.50,327
48.5740,1619,BLOCKED_AT_STEP_K,18,FR,18,1.0534,2.50,333
48.6340,1621,BLOCKED_AT_STEP_K,20,FL,20,1.0275,2.50,347
48.6820,1622,BLOCKED_AT_STEP_K,18,FR,18,1.0156,2.50,324
48.7320,1624,BLOCKED_AT_STEP_K,16,FL,16,0.9462,2.50,383
48.7820,1626,BLOCKED_AT_STEP_K,16,FL,16,0.9338,2.50,295
48.8460,1628,BLOCKED_AT_STEP_K,16,FL,16,0.9301,2.50,293
48.8940,1629,BLOCKED_AT_STEP_K,18,FR,18,0.9713,2.50,371
48.9440,1631,BLOCKED_AT_STEP_K,16,FL,16,0.9455,2.50,293
48.9940,1633,BLOCKED_AT_STEP_K,16,FL,16,0.9241,2.50,316
49.0500,1635,BLOCKED_AT_STEP_K,16,FL,16,0.9225,2.50,288
49.1160,1637,BLOCKED_AT_STEP_K,16,FL,16,0.8679,2.50,334
49.1660,1638,BLOCKED_AT_STEP_K,16,FL,16,0.8801,2.50,287
49.2160,1640,BLOCKED_AT_STEP_K,14,FR,14,0.8152,2.50,257
49.2660,1642,BLOCKED_AT_STEP_K,14,FR,14,0.8005,2.50,280
49.3260,1644,BLOCKED_AT_STEP_K,14,FR,14,0.7989,2.50,285
49.3760,1645,BLOCKED_AT_STEP_K,16,FL,16,0.8334,2.50,280
49.4240,1647,BLOCKED_AT_STEP_K,14,FR,14,0.8101,2.50,296
49.4740,1649,BLOCKED_AT_STEP_K,14,FR,14,0.7921,2.50,255
49.5340,1651,BLOCKED_AT_STEP_K,16,FL,16,0.7698,2.50,287
49.5840,1652,BLOCKED_AT_STEP_K,14,FR,14,0.7532,2.50,261
49.6340,1654,BLOCKED_AT_STEP_K,12,FL,12,0.6801,2.50,222
49.6940,1656,BLOCKED_AT_STEP_K,12,FL,12,0.6811,2.50,272
49.7620,1658,BLOCKED_AT_STEP_K,12,FL,12,0.6751,2.50,222
49.8160,1660,BLOCKED_AT_STEP_K,14,FR,14,0.7093,2.50,270
49.8680,1662,BLOCKED_AT_STEP_K,14,FR,14,0.6907,2.50,245
49.9180,1663,BLOCKED_AT_STEP_K,12,FL,12,0.6649,2.50,215
49.9780,1665,BLOCKED_AT_STEP_K,12,FL,12,0.6597,2.50,224
50.0280,1667,BLOCKED_AT_STEP_K,12,FL,12,0.6222,2.50,220
50.0780,1669,BLOCKED_AT_STEP_K,12,FL,12,0.6097,2.50,214
50.1260,1670,BLOCKED_AT_STEP_K,10,FR,10,0.5399,2.50,205
50.1900,1673,BLOCKED_AT_STEP_K,10,FR,10,0.5412,2.50,210
50.2440,1674,BLOCKED_AT_STEP_K,10,FR,10,0.5420,2.50,202
50.3080,1676,FEASIBLE_TO_RANGE,-1,-,32,-0.1253,2.50,502
50.3600,1678,FEASIBLE_TO_RANGE,-1,-,32,-0.1247,2.50,498
50.4080,1680,FEASIBLE_TO_RANGE,-1,-,32,-0.1239,2.50,488
50.4660,1682,FEASIBLE_TO_RANGE,-1,-,32,-0.1230,2.50,498
50.5160,1683,FEASIBLE_TO_RANGE,-1,-,32,-0.1225,2.50,594
50.5920,1686,FEASIBLE_TO_RANGE,-1,-,32,-0.1191,2.50,545
50.6360,1687,FEASIBLE_TO_RANGE,-1,-,32,-0.1024,2.50,569
50.7160,1690,FEASIBLE_TO_RANGE,-1,-,32,-0.0920,2.50,578
50.7660,1692,FEASIBLE_TO_RANGE,-1,-,32,-0.1191,2.50,571
50.8160,1693,FEASIBLE_TO_RANGE,-1,-,32,-0.1218,2.50,508
50.8780,1695,FEASIBLE_TO_RANGE,-1,-,32,-0.1231,2.50,511
50.9500,1698,FEASIBLE_TO_RANGE,-1,-,32,-0.1238,2.50,538
51.0000,1700,FEASIBLE_TO_RANGE,-1,-,32,-0.1243,2.50,532
51.0480,1701,FEASIBLE_TO_RANGE,-1,-,32,-0.1247,2.50,520
51.0960,1703,FEASIBLE_TO_RANGE,-1,-,32,-0.1093,2.50,539
51.1780,1705,FEASIBLE_TO_RANGE,-1,-,32,-0.1194,2.50,615
51.2360,1707,FEASIBLE_TO_RANGE,-1,-,32,-0.1243,2.50,521
51.2860,1709,FEASIBLE_TO_RANGE,-1,-,32,-0.1246,2.50,540
51.3500,1711,FEASIBLE_TO_RANGE,-1,-,32,-0.1236,2.50,528
51.4360,1714,FEASIBLE_TO_RANGE,-1,-,32,-0.1228,2.50,546
51.4840,1716,FEASIBLE_TO_RANGE,-1,-,32,-0.1226,2.50,573
51.5340,1717,FEASIBLE_TO_RANGE,-1,-,32,-0.1162,2.50,536
51.5800,1719,FEASIBLE_TO_RANGE,-1,-,32,-0.0988,2.50,607
51.6300,1721,FEASIBLE_TO_RANGE,-1,-,32,-0.0771,2.50,609
51.7340,1724,FEASIBLE_TO_RANGE,-1,-,32,-0.1115,2.50,639
51.7920,1726,FEASIBLE_TO_RANGE,-1,-,32,-0.1159,2.50,540
51.8400,1728,FEASIBLE_TO_RANGE,-1,-,32,-0.1185,2.50,576
51.8860,1729,FEASIBLE_TO_RANGE,-1,-,32,-0.1201,2.50,545
51.9380,1731,FEASIBLE_TO_RANGE,-1,-,32,-0.1210,2.50,545
51.9840,1732,FEASIBLE_TO_RANGE,-1,-,32,-0.1212,2.50,530
52.0320,1734,FEASIBLE_TO_RANGE,-1,-,32,-0.1209,2.50,622
52.0800,1736,FEASIBLE_TO_RANGE,-1,-,32,-0.1203,2.50,606
52.1280,1737,FEASIBLE_TO_RANGE,-1,-,32,-0.1195,2.50,605
52.1760,1739,FEASIBLE_TO_RANGE,-1,-,32,-0.1185,2.50,565
52.2240,1740,FEASIBLE_TO_RANGE,-1,-,32,-0.1176,2.50,625
52.2740,1742,FEASIBLE_TO_RANGE,-1,-,32,-0.1167,2.50,541
52.3220,1744,FEASIBLE_TO_RANGE,-1,-,32,-0.1160,2.50,528
52.3680,1745,FEASIBLE_TO_RANGE,-1,-,32,-0.1154,2.50,536
52.4140,1747,FEASIBLE_TO_RANGE,-1,-,32,-0.1149,2.50,532
52.4620,1748,FEASIBLE_TO_RANGE,-1,-,32,-0.1145,2.50,536
52.5080,1750,FEASIBLE_TO_RANGE,-1,-,32,-0.1142,2.50,576
52.5600,1752,FEASIBLE_TO_RANGE,-1,-,32,-0.1140,2.50,587
52.6080,1753,FEASIBLE_TO_RANGE,-1,-,32,-0.1139,2.50,647
52.6720,1755,FEASIBLE_TO_RANGE,-1,-,32,-0.1137,2.50,568
52.7260,1757,FEASIBLE_TO_RANGE,-1,-,32,-0.1136,2.50,533
52.7740,1759,FEASIBLE_TO_RANGE,-1,-,32,-0.1134,2.50,585
52.8240,1760,FEASIBLE_TO_RANGE,-1,-,32,-0.1133,2.50,584
52.8740,1762,FEASIBLE_TO_RANGE,-1,-,32,-0.1132,2.50,580
52.9220,1764,FEASIBLE_TO_RANGE,-1,-,32,-0.1130,2.50,564
52.9720,1765,FEASIBLE_TO_RANGE,-1,-,32,-0.1129,2.50,594
53.0220,1767,FEASIBLE_TO_RANGE,-1,-,32,-0.1127,2.50,561
53.1260,1770,FEASIBLE_TO_RANGE,-1,-,32,-0.1124,2.50,581
53.1820,1772,FEASIBLE_TO_RANGE,-1,-,32,-0.1120,2.50,547
53.2340,1774,FEASIBLE_TO_RANGE,-1,-,32,-0.1118,2.50,989
53.2860,1776,FEASIBLE_TO_RANGE,-1,-,32,-0.1116,2.50,526
53.3320,1777,FEASIBLE_TO_RANGE,-1,-,32,-0.1115,2.50,538
53.3980,1779,FEASIBLE_TO_RANGE,-1,-,32,-0.1113,2.50,597
53.4480,1781,FEASIBLE_TO_RANGE,-1,-,32,-0.1112,2.50,549
53.4960,1783,FEASIBLE_TO_RANGE,-1,-,32,-0.1110,2.50,526
53.5440,1784,FEASIBLE_TO_RANGE,-1,-,32,-0.1109,2.50,559
53.5960,1786,FEASIBLE_TO_RANGE,-1,-,32,-0.1108,2.50,560
53.6460,1788,FEASIBLE_TO_RANGE,-1,-,32,-0.1106,2.50,557
53.6940,1789,FEASIBLE_TO_RANGE,-1,-,32,-0.1105,2.50,633
53.7440,1791,FEASIBLE_TO_RANGE,-1,-,32,-0.1104,2.50,555
53.7920,1793,FEASIBLE_TO_RANGE,-1,-,32,-0.1102,2.50,527
53.8400,1794,FEASIBLE_TO_RANGE,-1,-,32,-0.1101,2.50,1028
53.8880,1796,FEASIBLE_TO_RANGE,-1,-,32,-0.1100,2.50,562
53.9360,1797,FEASIBLE_TO_RANGE,-1,-,32,-0.1098,2.50,559
53.9860,1799,FEASIBLE_TO_RANGE,-1,-,32,-0.1097,2.50,609
54.0360,1801,FEASIBLE_TO_RANGE,-1,-,32,-0.1095,2.50,969
54.0980,1803,FEASIBLE_TO_RANGE,-1,-,32,-0.1094,2.50,558
54.1900,1806,FEASIBLE_TO_RANGE,-1,-,32,-0.1091,2.50,1456
54.2420,1808,FEASIBLE_TO_RANGE,-1,-,32,-0.1087,2.50,532
54.2900,1809,FEASIBLE_TO_RANGE,-1,-,32,-0.1085,2.50,519
54.3380,1811,FEASIBLE_TO_RANGE,-1,-,32,-0.1084,2.50,549
54.3860,1812,FEASIBLE_TO_RANGE,-1,-,32,-0.1083,2.50,571
54.4340,1814,FEASIBLE_TO_RANGE,-1,-,32,-0.1082,2.50,608
54.4820,1816,FEASIBLE_TO_RANGE,-1,-,32,-0.1081,2.50,590
54.5280,1817,FEASIBLE_TO_RANGE,-1,-,32,-0.1080,2.50,571
54.5760,1819,FEASIBLE_TO_RANGE,-1,-,32,-0.1079,2.50,526
54.6220,1820,FEASIBLE_TO_RANGE,-1,-,32,-0.1078,2.50,582
54.6700,1822,FEASIBLE_TO_RANGE,-1,-,32,-0.1077,2.50,534
54.7160,1823,FEASIBLE_TO_RANGE,-1,-,32,-0.1076,2.50,585
54.7640,1825,FEASIBLE_TO_RANGE,-1,-,32,-0.1075,2.50,553
54.8180,1827,FEASIBLE_TO_RANGE,-1,-,32,-0.1074,2.50,537
54.8660,1828,FEASIBLE_TO_RANGE,-1,-,32,-0.1072,2.50,599
54.9160,1830,FEASIBLE_TO_RANGE,-1,-,32,-0.1071,2.50,527
54.9620,1832,FEASIBLE_TO_RANGE,-1,-,32,-0.1070,2.50,541
55.0240,1834,FEASIBLE_TO_RANGE,-1,-,32,-0.1069,2.50,555
55.0740,1835,FEASIBLE_TO_RANGE,-1,-,32,-0.1068,2.50,530
55.1220,1837,FEASIBLE_TO_RANGE,-1,-,32,-0.1066,2.50,542
55.1780,1839,FEASIBLE_TO_RANGE,-1,-,32,-0.1065,2.50,554
55.2340,1841,FEASIBLE_TO_RANGE,-1,-,32,-0.1064,2.50,548
55.2820,1842,FEASIBLE_TO_RANGE,-1,-,32,-0.1062,2.50,589
55.3360,1844,FEASIBLE_TO_RANGE,-1,-,32,-0.1061,2.50,559
55.3840,1846,FEASIBLE_TO_RANGE,-1,-,32,-0.1060,2.50,978
55.4420,1848,FEASIBLE_TO_RANGE,-1,-,32,-0.1059,2.50,547
55.4900,1849,FEASIBLE_TO_RANGE,-1,-,32,-0.1058,2.50,568
55.5520,1851,FEASIBLE_TO_RANGE,-1,-,32,-0.1057,2.50,545
55.6020,1853,FEASIBLE_TO_RANGE,-1,-,32,-0.1055,2.50,695
55.6580,1855,FEASIBLE_TO_RANGE,-1,-,32,-0.1054,2.50,544
55.7060,1856,FEASIBLE_TO_RANGE,-1,-,32,-0.1053,2.50,554
55.7540,1858,FEASIBLE_TO_RANGE,-1,-,32,-0.1053,2.50,748
55.8020,1860,FEASIBLE_TO_RANGE,-1,-,32,-0.1052,2.50,572
55.8540,1861,FEASIBLE_TO_RANGE,-1,-,32,-0.1051,2.50,1228
55.9060,1863,FEASIBLE_TO_RANGE,-1,-,32,-0.1050,2.50,519
55.9540,1865,FEASIBLE_TO_RANGE,-1,-,32,-0.1049,2.50,641
56.0020,1866,FEASIBLE_TO_RANGE,-1,-,32,-0.1049,2.50,675
56.0580,1868,FEASIBLE_TO_RANGE,-1,-,32,-0.1048,2.50,549
56.1040,1870,FEASIBLE_TO_RANGE,-1,-,32,-0.1047,2.50,545
56.1500,1871,FEASIBLE_TO_RANGE,-1,-,32,-0.1046,2.50,603
56.2000,1873,FEASIBLE_TO_RANGE,-1,-,32,-0.1045,2.50,599
56.2840,1876,FEASIBLE_TO_RANGE,-1,-,32,-0.1044,2.50,609
56.3340,1877,FEASIBLE_TO_RANGE,-1,-,32,-0.1042,2.50,581
56.3820,1879,FEASIBLE_TO_RANGE,-1,-,32,-0.1041,2.50,695
56.4340,1881,FEASIBLE_TO_RANGE,-1,-,32,-0.1040,2.50,526
56.4980,1883,FEASIBLE_TO_RANGE,-1,-,32,-0.1040,2.50,534
56.5440,1884,FEASIBLE_TO_RANGE,-1,-,32,-0.1039,2.50,542
56.5900,1886,FEASIBLE_TO_RANGE,-1,-,32,-0.1038,2.50,534
56.6360,1887,FEASIBLE_TO_RANGE,-1,-,32,-0.1038,2.50,555
56.6840,1889,FEASIBLE_TO_RANGE,-1,-,32,-0.1037,2.50,532
56.7300,1891,FEASIBLE_TO_RANGE,-1,-,32,-0.1037,2.50,533
56.7760,1892,FEASIBLE_TO_RANGE,-1,-,32,-0.1037,2.50,532
56.8220,1894,FEASIBLE_TO_RANGE,-1,-,32,-0.1037,2.50,528
56.8680,1895,FEASIBLE_TO_RANGE,-1,-,32,-0.1036,2.50,533
56.9140,1897,FEASIBLE_TO_RANGE,-1,-,32,-0.1036,2.50,528
56.9600,1898,FEASIBLE_TO_RANGE,-1,-,32,-0.1036,2.50,539
57.0060,1900,FEASIBLE_TO_RANGE,-1,-,32,-0.1035,2.50,532
57.0520,1901,FEASIBLE_TO_RANGE,-1,-,32,-0.1035,2.50,574
57.1000,1903,FEASIBLE_TO_RANGE,-1,-,32,-0.1035,2.50,590
57.1500,1905,FEASIBLE_TO_RANGE,-1,-,32,-0.1034,2.50,542
57.1960,1906,FEASIBLE_TO_RANGE,-1,-,32,-0.1034,2.50,528
57.2440,1908,FEASIBLE_TO_RANGE,-1,-,32,-0.1034,2.50,547
57.2900,1909,FEASIBLE_TO_RANGE,-1,-,32,-0.1033,2.50,602
57.3380,1911,FEASIBLE_TO_RANGE,-1,-,32,-0.1033,2.50,722
57.3860,1912,FEASIBLE_TO_RANGE,-1,-,32,-0.1032,2.50,564
57.4340,1914,FEASIBLE_TO_RANGE,-1,-,32,-0.1032,2.50,567
57.4820,1916,FEASIBLE_TO_RANGE,-1,-,32,-0.1032,2.50,919
57.5320,1917,FEASIBLE_TO_RANGE,-1,-,32,-0.1031,2.50,536
57.5860,1919,FEASIBLE_TO_RANGE,-1,-,32,-0.1031,2.50,542
57.6340,1921,FEASIBLE_TO_RANGE,-1,-,32,-0.1030,2.50,592
57.7520,1925,FEASIBLE_TO_RANGE,-1,-,32,-0.1030,2.50,566
57.8000,1926,FEASIBLE_TO_RANGE,-1,-,32,-0.1031,2.50,586
57.8460,1928,FEASIBLE_TO_RANGE,-1,-,32,-0.1030,2.50,539
57.8920,1929,FEASIBLE_TO_RANGE,-1,-,32,-0.1030,2.50,543
57.9380,1931,FEASIBLE_TO_RANGE,-1,-,32,-0.1030,2.50,589
57.9880,1932,FEASIBLE_TO_RANGE,-1,-,32,-0.1030,2.50,598
58.0360,1934,FEASIBLE_TO_RANGE,-1,-,32,-0.1030,2.50,587
58.0840,1936,FEASIBLE_TO_RANGE,-1,-,32,-0.1031,2.50,575
58.1320,1937,FEASIBLE_TO_RANGE,-1,-,32,-0.1031,2.50,728
58.1820,1939,FEASIBLE_TO_RANGE,-1,-,32,-0.1031,2.50,550
58.2300,1941,FEASIBLE_TO_RANGE,-1,-,32,-0.1031,2.50,587
58.2840,1942,FEASIBLE_TO_RANGE,-1,-,32,-0.1031,2.50,567
58.3320,1944,FEASIBLE_TO_RANGE,-1,-,32,-0.1031,2.50,562
58.3800,1946,FEASIBLE_TO_RANGE,-1,-,32,-0.1031,2.50,558
58.4260,1947,FEASIBLE_TO_RANGE,-1,-,32,-0.1031,2.50,542
